name,val_f1,test_f1,F1_dws,F1_ups,F1_wlk,F1_jog,F1_std,F1_sit
C1_low_lr,0.8470011282905171,0.9347384153294053,0.9322235434007135,0.9126034958601656,0.9272989889263361,0.9837587006960556,0.9190031152647975,0.9335426478283622
C8_more_sd,0.8418342029310861,0.9407648514461734,0.9150943396226415,0.9317118802619271,0.9320574162679426,0.9929906542056075,0.9291177970423253,0.9436170212765957
C6_more_l2,0.8406529040191545,0.9241252919809563,0.9439024390243902,0.8500851788756388,0.8984220907297831,0.9953379953379954,0.9233113255459624,0.9336927223719677
