name,val_f1,test_f1,F1_dws,F1_ups,F1_wlk,F1_jog,F1_std,F1_sit
C12_combo_A,0.8624351837911371,0.9413026441406105,0.9057471264367816,0.9622458857696031,0.938212927756654,0.9894490035169988,0.9179299529534762,0.9342309684101502
C5_l2_light,0.8621493769019458,0.9053878785151994,0.8883048620236531,0.8755516328331863,0.9179856115107914,0.991812865497076,0.8683236382866208,0.8903486609398686
C13_combo_B,0.8538077060985056,0.9349780006265961,0.9088785046728972,0.9422894985808893,0.9402843601895735,0.9906542056074766,0.908315565031983,0.9194458696767573
