model,session,window_index,end_sample_index,n_samples,pred
baseline_C12_combo_A_seed42,session_2026-06-18T18-13-27.169816.json,0,127,642,std
baseline_C12_combo_A_seed42,session_2026-06-18T18-13-27.169816.json,1,191,642,std
baseline_C12_combo_A_seed42,session_2026-06-18T18-13-27.169816.json,2,255,642,std
baseline_C12_combo_A_seed42,session_2026-06-18T18-13-27.169816.json,3,319,642,ups
baseline_C12_combo_A_seed42,session_2026-06-18T18-13-27.169816.json,4,383,642,ups
baseline_C12_combo_A_seed42,session_2026-06-18T18-13-27.169816.json,5,447,642,wlk
baseline_C12_combo_A_seed42,session_2026-06-18T18-13-27.169816.json,6,511,642,wlk
baseline_C12_combo_A_seed42,session_2026-06-18T18-13-27.169816.json,7,575,642,ups
baseline_C12_combo_A_seed42,session_2026-06-18T18-13-27.169816.json,8,639,642,std
baseline_C12_combo_A_seed42,session_2026-06-24T17-04-30.009717.json,0,127,1596,std
baseline_C12_combo_A_seed42,session_2026-06-24T17-04-30.009717.json,1,191,1596,std
baseline_C12_combo_A_seed42,session_2026-06-24T17-04-30.009717.json,2,255,1596,ups
baseline_C12_combo_A_seed42,session_2026-06-24T17-04-30.009717.json,3,319,1596,ups
baseline_C12_combo_A_seed42,session_2026-06-24T17-04-30.009717.json,4,383,1596,ups
baseline_C12_combo_A_seed42,session_2026-06-24T17-04-30.009717.json,5,447,1596,ups
baseline_C12_combo_A_seed42,session_2026-06-24T17-04-30.009717.json,6,511,1596,ups
baseline_C12_combo_A_seed42,session_2026-06-24T17-04-30.009717.json,7,575,1596,ups
baseline_C12_combo_A_seed42,session_2026-06-24T17-04-30.009717.json,8,639,1596,ups
baseline_C12_combo_A_seed42,session_2026-06-24T17-04-30.009717.json,9,703,1596,ups
baseline_C12_combo_A_seed42,session_2026-06-24T17-04-30.009717.json,10,767,1596,ups
baseline_C12_combo_A_seed42,session_2026-06-24T17-04-30.009717.json,11,831,1596,dws
baseline_C12_combo_A_seed42,session_2026-06-24T17-04-30.009717.json,12,895,1596,ups
baseline_C12_combo_A_seed42,session_2026-06-24T17-04-30.009717.json,13,959,1596,ups
baseline_C12_combo_A_seed42,session_2026-06-24T17-04-30.009717.json,14,1023,1596,ups
baseline_C12_combo_A_seed42,session_2026-06-24T17-04-30.009717.json,15,1087,1596,ups
baseline_C12_combo_A_seed42,session_2026-06-24T17-04-30.009717.json,16,1151,1596,ups
baseline_C12_combo_A_seed42,session_2026-06-24T17-04-30.009717.json,17,1215,1596,ups
baseline_C12_combo_A_seed42,session_2026-06-24T17-04-30.009717.json,18,1279,1596,ups
baseline_C12_combo_A_seed42,session_2026-06-24T17-04-30.009717.json,19,1343,1596,ups
baseline_C12_combo_A_seed42,session_2026-06-24T17-04-30.009717.json,20,1407,1596,ups
baseline_C12_combo_A_seed42,session_2026-06-24T17-04-30.009717.json,21,1471,1596,std
baseline_C12_combo_A_seed42,session_2026-06-24T17-04-30.009717.json,22,1535,1596,std
baseline_C12_combo_A_seed42,session_2026-06-24T17-21-43.893895.json,0,127,1009,std
baseline_C12_combo_A_seed42,session_2026-06-24T17-21-43.893895.json,1,191,1009,sit
baseline_C12_combo_A_seed42,session_2026-06-24T17-21-43.893895.json,2,255,1009,std
baseline_C12_combo_A_seed42,session_2026-06-24T17-21-43.893895.json,3,319,1009,ups
baseline_C12_combo_A_seed42,session_2026-06-24T17-21-43.893895.json,4,383,1009,ups
baseline_C12_combo_A_seed42,session_2026-06-24T17-21-43.893895.json,5,447,1009,ups
baseline_C12_combo_A_seed42,session_2026-06-24T17-21-43.893895.json,6,511,1009,ups
baseline_C12_combo_A_seed42,session_2026-06-24T17-21-43.893895.json,7,575,1009,ups
baseline_C12_combo_A_seed42,session_2026-06-24T17-21-43.893895.json,8,639,1009,wlk
baseline_C12_combo_A_seed42,session_2026-06-24T17-21-43.893895.json,9,703,1009,wlk
baseline_C12_combo_A_seed42,session_2026-06-24T17-21-43.893895.json,10,767,1009,ups
baseline_C12_combo_A_seed42,session_2026-06-24T17-21-43.893895.json,11,831,1009,ups
baseline_C12_combo_A_seed42,session_2026-06-24T17-21-43.893895.json,12,895,1009,std
baseline_C12_combo_A_seed42,session_2026-06-24T17-21-43.893895.json,13,959,1009,ups
baseline_C12_combo_A_seed42,session_2026-06-24T17-24-13.644396.json,0,127,2534,dws
baseline_C12_combo_A_seed42,session_2026-06-24T17-24-13.644396.json,1,191,2534,sit
baseline_C12_combo_A_seed42,session_2026-06-24T17-24-13.644396.json,2,255,2534,ups
baseline_C12_combo_A_seed42,session_2026-06-24T17-24-13.644396.json,3,319,2534,ups
baseline_C12_combo_A_seed42,session_2026-06-24T17-24-13.644396.json,4,383,2534,wlk
baseline_C12_combo_A_seed42,session_2026-06-24T17-24-13.644396.json,5,447,2534,wlk
baseline_C12_combo_A_seed42,session_2026-06-24T17-24-13.644396.json,6,511,2534,wlk
baseline_C12_combo_A_seed42,session_2026-06-24T17-24-13.644396.json,7,575,2534,wlk
baseline_C12_combo_A_seed42,session_2026-06-24T17-24-13.644396.json,8,639,2534,ups
baseline_C12_combo_A_seed42,session_2026-06-24T17-24-13.644396.json,9,703,2534,wlk
baseline_C12_combo_A_seed42,session_2026-06-24T17-24-13.644396.json,10,767,2534,wlk
baseline_C12_combo_A_seed42,session_2026-06-24T17-24-13.644396.json,11,831,2534,wlk
baseline_C12_combo_A_seed42,session_2026-06-24T17-24-13.644396.json,12,895,2534,wlk
baseline_C12_combo_A_seed42,session_2026-06-24T17-24-13.644396.json,13,959,2534,ups
baseline_C12_combo_A_seed42,session_2026-06-24T17-24-13.644396.json,14,1023,2534,wlk
baseline_C12_combo_A_seed42,session_2026-06-24T17-24-13.644396.json,15,1087,2534,wlk
baseline_C12_combo_A_seed42,session_2026-06-24T17-24-13.644396.json,16,1151,2534,wlk
baseline_C12_combo_A_seed42,session_2026-06-24T17-24-13.644396.json,17,1215,2534,wlk
baseline_C12_combo_A_seed42,session_2026-06-24T17-24-13.644396.json,18,1279,2534,ups
baseline_C12_combo_A_seed42,session_2026-06-24T17-24-13.644396.json,19,1343,2534,ups
baseline_C12_combo_A_seed42,session_2026-06-24T17-24-13.644396.json,20,1407,2534,ups
baseline_C12_combo_A_seed42,session_2026-06-24T17-24-13.644396.json,21,1471,2534,wlk
baseline_C12_combo_A_seed42,session_2026-06-24T17-24-13.644396.json,22,1535,2534,wlk
baseline_C12_combo_A_seed42,session_2026-06-24T17-24-13.644396.json,23,1599,2534,wlk
baseline_C12_combo_A_seed42,session_2026-06-24T17-24-13.644396.json,24,1663,2534,ups
baseline_C12_combo_A_seed42,session_2026-06-24T17-24-13.644396.json,25,1727,2534,ups
baseline_C12_combo_A_seed42,session_2026-06-24T17-24-13.644396.json,26,1791,2534,ups
baseline_C12_combo_A_seed42,session_2026-06-24T17-24-13.644396.json,27,1855,2534,ups
baseline_C12_combo_A_seed42,session_2026-06-24T17-24-13.644396.json,28,1919,2534,ups
baseline_C12_combo_A_seed42,session_2026-06-24T17-24-13.644396.json,29,1983,2534,ups
baseline_C12_combo_A_seed42,session_2026-06-24T17-24-13.644396.json,30,2047,2534,ups
baseline_C12_combo_A_seed42,session_2026-06-24T17-24-13.644396.json,31,2111,2534,ups
baseline_C12_combo_A_seed42,session_2026-06-24T17-24-13.644396.json,32,2175,2534,ups
baseline_C12_combo_A_seed42,session_2026-06-24T17-24-13.644396.json,33,2239,2534,ups
baseline_C12_combo_A_seed42,session_2026-06-24T17-24-13.644396.json,34,2303,2534,wlk
baseline_C12_combo_A_seed42,session_2026-06-24T17-24-13.644396.json,35,2367,2534,ups
baseline_C12_combo_A_seed42,session_2026-06-24T17-24-13.644396.json,36,2431,2534,std
baseline_C12_combo_A_seed42,session_2026-06-24T17-24-13.644396.json,37,2495,2534,ups
baseline_C12_combo_A_seed42,session_2026-06-24T17-25-30.213239.json,0,127,2613,dws
baseline_C12_combo_A_seed42,session_2026-06-24T17-25-30.213239.json,1,191,2613,std
baseline_C12_combo_A_seed42,session_2026-06-24T17-25-30.213239.json,2,255,2613,std
baseline_C12_combo_A_seed42,session_2026-06-24T17-25-30.213239.json,3,319,2613,ups
baseline_C12_combo_A_seed42,session_2026-06-24T17-25-30.213239.json,4,383,2613,wlk
baseline_C12_combo_A_seed42,session_2026-06-24T17-25-30.213239.json,5,447,2613,ups
baseline_C12_combo_A_seed42,session_2026-06-24T17-25-30.213239.json,6,511,2613,wlk
baseline_C12_combo_A_seed42,session_2026-06-24T17-25-30.213239.json,7,575,2613,wlk
baseline_C12_combo_A_seed42,session_2026-06-24T17-25-30.213239.json,8,639,2613,wlk
baseline_C12_combo_A_seed42,session_2026-06-24T17-25-30.213239.json,9,703,2613,ups
baseline_C12_combo_A_seed42,session_2026-06-24T17-25-30.213239.json,10,767,2613,ups
baseline_C12_combo_A_seed42,session_2026-06-24T17-25-30.213239.json,11,831,2613,ups
baseline_C12_combo_A_seed42,session_2026-06-24T17-25-30.213239.json,12,895,2613,wlk
baseline_C12_combo_A_seed42,session_2026-06-24T17-25-30.213239.json,13,959,2613,ups
baseline_C12_combo_A_seed42,session_2026-06-24T17-25-30.213239.json,14,1023,2613,ups
baseline_C12_combo_A_seed42,session_2026-06-24T17-25-30.213239.json,15,1087,2613,ups
baseline_C12_combo_A_seed42,session_2026-06-24T17-25-30.213239.json,16,1151,2613,ups
baseline_C12_combo_A_seed42,session_2026-06-24T17-25-30.213239.json,17,1215,2613,ups
baseline_C12_combo_A_seed42,session_2026-06-24T17-25-30.213239.json,18,1279,2613,ups
baseline_C12_combo_A_seed42,session_2026-06-24T17-25-30.213239.json,19,1343,2613,wlk
baseline_C12_combo_A_seed42,session_2026-06-24T17-25-30.213239.json,20,1407,2613,wlk
baseline_C12_combo_A_seed42,session_2026-06-24T17-25-30.213239.json,21,1471,2613,wlk
baseline_C12_combo_A_seed42,session_2026-06-24T17-25-30.213239.json,22,1535,2613,ups
baseline_C12_combo_A_seed42,session_2026-06-24T17-25-30.213239.json,23,1599,2613,ups
baseline_C12_combo_A_seed42,session_2026-06-24T17-25-30.213239.json,24,1663,2613,ups
baseline_C12_combo_A_seed42,session_2026-06-24T17-25-30.213239.json,25,1727,2613,ups
baseline_C12_combo_A_seed42,session_2026-06-24T17-25-30.213239.json,26,1791,2613,ups
baseline_C12_combo_A_seed42,session_2026-06-24T17-25-30.213239.json,27,1855,2613,wlk
baseline_C12_combo_A_seed42,session_2026-06-24T17-25-30.213239.json,28,1919,2613,ups
baseline_C12_combo_A_seed42,session_2026-06-24T17-25-30.213239.json,29,1983,2613,ups
baseline_C12_combo_A_seed42,session_2026-06-24T17-25-30.213239.json,30,2047,2613,ups
baseline_C12_combo_A_seed42,session_2026-06-24T17-25-30.213239.json,31,2111,2613,ups
baseline_C12_combo_A_seed42,session_2026-06-24T17-25-30.213239.json,32,2175,2613,ups
baseline_C12_combo_A_seed42,session_2026-06-24T17-25-30.213239.json,33,2239,2613,ups
baseline_C12_combo_A_seed42,session_2026-06-24T17-25-30.213239.json,34,2303,2613,ups
baseline_C12_combo_A_seed42,session_2026-06-24T17-25-30.213239.json,35,2367,2613,ups
baseline_C12_combo_A_seed42,session_2026-06-24T17-25-30.213239.json,36,2431,2613,ups
baseline_C12_combo_A_seed42,session_2026-06-24T17-25-30.213239.json,37,2495,2613,ups
baseline_C12_combo_A_seed42,session_2026-06-24T17-25-30.213239.json,38,2559,2613,std
baseline_C12_combo_A_seed42,session_2026-06-27T19-25-21.678232.json,0,127,919,std
baseline_C12_combo_A_seed42,session_2026-06-27T19-25-21.678232.json,1,191,919,std
baseline_C12_combo_A_seed42,session_2026-06-27T19-25-21.678232.json,2,255,919,std
baseline_C12_combo_A_seed42,session_2026-06-27T19-25-21.678232.json,3,319,919,std
baseline_C12_combo_A_seed42,session_2026-06-27T19-25-21.678232.json,4,383,919,std
baseline_C12_combo_A_seed42,session_2026-06-27T19-25-21.678232.json,5,447,919,ups
baseline_C12_combo_A_seed42,session_2026-06-27T19-25-21.678232.json,6,511,919,wlk
baseline_C12_combo_A_seed42,session_2026-06-27T19-25-21.678232.json,7,575,919,wlk
baseline_C12_combo_A_seed42,session_2026-06-27T19-25-21.678232.json,8,639,919,wlk
baseline_C12_combo_A_seed42,session_2026-06-27T19-25-21.678232.json,9,703,919,std
baseline_C12_combo_A_seed42,session_2026-06-27T19-25-21.678232.json,10,767,919,std
baseline_C12_combo_A_seed42,session_2026-06-27T19-25-21.678232.json,11,831,919,std
baseline_C12_combo_A_seed42,session_2026-06-27T19-25-21.678232.json,12,895,919,std
baseline_C12_combo_A_seed42,session_2026-06-27T19-46-36.461282.json,0,127,1801,std
baseline_C12_combo_A_seed42,session_2026-06-27T19-46-36.461282.json,1,191,1801,std
baseline_C12_combo_A_seed42,session_2026-06-27T19-46-36.461282.json,2,255,1801,std
baseline_C12_combo_A_seed42,session_2026-06-27T19-46-36.461282.json,3,319,1801,ups
baseline_C12_combo_A_seed42,session_2026-06-27T19-46-36.461282.json,4,383,1801,wlk
baseline_C12_combo_A_seed42,session_2026-06-27T19-46-36.461282.json,5,447,1801,std
baseline_C12_combo_A_seed42,session_2026-06-27T19-46-36.461282.json,6,511,1801,wlk
baseline_C12_combo_A_seed42,session_2026-06-27T19-46-36.461282.json,7,575,1801,wlk
baseline_C12_combo_A_seed42,session_2026-06-27T19-46-36.461282.json,8,639,1801,wlk
baseline_C12_combo_A_seed42,session_2026-06-27T19-46-36.461282.json,9,703,1801,wlk
baseline_C12_combo_A_seed42,session_2026-06-27T19-46-36.461282.json,10,767,1801,wlk
baseline_C12_combo_A_seed42,session_2026-06-27T19-46-36.461282.json,11,831,1801,std
baseline_C12_combo_A_seed42,session_2026-06-27T19-46-36.461282.json,12,895,1801,std
baseline_C12_combo_A_seed42,session_2026-06-27T19-46-36.461282.json,13,959,1801,ups
baseline_C12_combo_A_seed42,session_2026-06-27T19-46-36.461282.json,14,1023,1801,std
baseline_C12_combo_A_seed42,session_2026-06-27T19-46-36.461282.json,15,1087,1801,ups
baseline_C12_combo_A_seed42,session_2026-06-27T19-46-36.461282.json,16,1151,1801,wlk
baseline_C12_combo_A_seed42,session_2026-06-27T19-46-36.461282.json,17,1215,1801,wlk
baseline_C12_combo_A_seed42,session_2026-06-27T19-46-36.461282.json,18,1279,1801,wlk
baseline_C12_combo_A_seed42,session_2026-06-27T19-46-36.461282.json,19,1343,1801,dws
baseline_C12_combo_A_seed42,session_2026-06-27T19-46-36.461282.json,20,1407,1801,dws
baseline_C12_combo_A_seed42,session_2026-06-27T19-46-36.461282.json,21,1471,1801,wlk
baseline_C12_combo_A_seed42,session_2026-06-27T19-46-36.461282.json,22,1535,1801,wlk
baseline_C12_combo_A_seed42,session_2026-06-27T19-46-36.461282.json,23,1599,1801,sit
baseline_C12_combo_A_seed42,session_2026-06-27T19-46-36.461282.json,24,1663,1801,std
baseline_C12_combo_A_seed42,session_2026-06-27T19-46-36.461282.json,25,1727,1801,std
baseline_C12_combo_A_seed42,session_2026-06-27T19-46-36.461282.json,26,1791,1801,std
baseline_C12_combo_A_seed42,session_2026-06-30T08-17-07.003351.json,0,127,5637,dws
baseline_C12_combo_A_seed42,session_2026-06-30T08-17-07.003351.json,1,191,5637,dws
baseline_C12_combo_A_seed42,session_2026-06-30T08-17-07.003351.json,2,255,5637,wlk
baseline_C12_combo_A_seed42,session_2026-06-30T08-17-07.003351.json,3,319,5637,wlk
baseline_C12_combo_A_seed42,session_2026-06-30T08-17-07.003351.json,4,383,5637,wlk
baseline_C12_combo_A_seed42,session_2026-06-30T08-17-07.003351.json,5,447,5637,wlk
baseline_C12_combo_A_seed42,session_2026-06-30T08-17-07.003351.json,6,511,5637,wlk
baseline_C12_combo_A_seed42,session_2026-06-30T08-17-07.003351.json,7,575,5637,wlk
baseline_C12_combo_A_seed42,session_2026-06-30T08-17-07.003351.json,8,639,5637,wlk
baseline_C12_combo_A_seed42,session_2026-06-30T08-17-07.003351.json,9,703,5637,wlk
baseline_C12_combo_A_seed42,session_2026-06-30T08-17-07.003351.json,10,767,5637,wlk
baseline_C12_combo_A_seed42,session_2026-06-30T08-17-07.003351.json,11,831,5637,wlk
baseline_C12_combo_A_seed42,session_2026-06-30T08-17-07.003351.json,12,895,5637,wlk
baseline_C12_combo_A_seed42,session_2026-06-30T08-17-07.003351.json,13,959,5637,wlk
baseline_C12_combo_A_seed42,session_2026-06-30T08-17-07.003351.json,14,1023,5637,wlk
baseline_C12_combo_A_seed42,session_2026-06-30T08-17-07.003351.json,15,1087,5637,wlk
baseline_C12_combo_A_seed42,session_2026-06-30T08-17-07.003351.json,16,1151,5637,wlk
baseline_C12_combo_A_seed42,session_2026-06-30T08-17-07.003351.json,17,1215,5637,wlk
baseline_C12_combo_A_seed42,session_2026-06-30T08-17-07.003351.json,18,1279,5637,wlk
baseline_C12_combo_A_seed42,session_2026-06-30T08-17-07.003351.json,19,1343,5637,wlk
baseline_C12_combo_A_seed42,session_2026-06-30T08-17-07.003351.json,20,1407,5637,wlk
baseline_C12_combo_A_seed42,session_2026-06-30T08-17-07.003351.json,21,1471,5637,wlk
baseline_C12_combo_A_seed42,session_2026-06-30T08-17-07.003351.json,22,1535,5637,wlk
baseline_C12_combo_A_seed42,session_2026-06-30T08-17-07.003351.json,23,1599,5637,wlk
baseline_C12_combo_A_seed42,session_2026-06-30T08-17-07.003351.json,24,1663,5637,wlk
baseline_C12_combo_A_seed42,session_2026-06-30T08-17-07.003351.json,25,1727,5637,wlk
baseline_C12_combo_A_seed42,session_2026-06-30T08-17-07.003351.json,26,1791,5637,wlk
baseline_C12_combo_A_seed42,session_2026-06-30T08-17-07.003351.json,27,1855,5637,wlk
baseline_C12_combo_A_seed42,session_2026-06-30T08-17-07.003351.json,28,1919,5637,ups
baseline_C12_combo_A_seed42,session_2026-06-30T08-17-07.003351.json,29,1983,5637,wlk
baseline_C12_combo_A_seed42,session_2026-06-30T08-17-07.003351.json,30,2047,5637,wlk
baseline_C12_combo_A_seed42,session_2026-06-30T08-17-07.003351.json,31,2111,5637,wlk
baseline_C12_combo_A_seed42,session_2026-06-30T08-17-07.003351.json,32,2175,5637,wlk
baseline_C12_combo_A_seed42,session_2026-06-30T08-17-07.003351.json,33,2239,5637,wlk
baseline_C12_combo_A_seed42,session_2026-06-30T08-17-07.003351.json,34,2303,5637,wlk
baseline_C12_combo_A_seed42,session_2026-06-30T08-17-07.003351.json,35,2367,5637,wlk
baseline_C12_combo_A_seed42,session_2026-06-30T08-17-07.003351.json,36,2431,5637,wlk
baseline_C12_combo_A_seed42,session_2026-06-30T08-17-07.003351.json,37,2495,5637,wlk
baseline_C12_combo_A_seed42,session_2026-06-30T08-17-07.003351.json,38,2559,5637,wlk
baseline_C12_combo_A_seed42,session_2026-06-30T08-17-07.003351.json,39,2623,5637,wlk
baseline_C12_combo_A_seed42,session_2026-06-30T08-17-07.003351.json,40,2687,5637,wlk
baseline_C12_combo_A_seed42,session_2026-06-30T08-17-07.003351.json,41,2751,5637,wlk
baseline_C12_combo_A_seed42,session_2026-06-30T08-17-07.003351.json,42,2815,5637,wlk
baseline_C12_combo_A_seed42,session_2026-06-30T08-17-07.003351.json,43,2879,5637,wlk
baseline_C12_combo_A_seed42,session_2026-06-30T08-17-07.003351.json,44,2943,5637,wlk
baseline_C12_combo_A_seed42,session_2026-06-30T08-17-07.003351.json,45,3007,5637,wlk
baseline_C12_combo_A_seed42,session_2026-06-30T08-17-07.003351.json,46,3071,5637,wlk
baseline_C12_combo_A_seed42,session_2026-06-30T08-17-07.003351.json,47,3135,5637,wlk
baseline_C12_combo_A_seed42,session_2026-06-30T08-17-07.003351.json,48,3199,5637,wlk
baseline_C12_combo_A_seed42,session_2026-06-30T08-17-07.003351.json,49,3263,5637,wlk
baseline_C12_combo_A_seed42,session_2026-06-30T08-17-07.003351.json,50,3327,5637,wlk
baseline_C12_combo_A_seed42,session_2026-06-30T08-17-07.003351.json,51,3391,5637,wlk
baseline_C12_combo_A_seed42,session_2026-06-30T08-17-07.003351.json,52,3455,5637,wlk
baseline_C12_combo_A_seed42,session_2026-06-30T08-17-07.003351.json,53,3519,5637,wlk
baseline_C12_combo_A_seed42,session_2026-06-30T08-17-07.003351.json,54,3583,5637,wlk
baseline_C12_combo_A_seed42,session_2026-06-30T08-17-07.003351.json,55,3647,5637,wlk
baseline_C12_combo_A_seed42,session_2026-06-30T08-17-07.003351.json,56,3711,5637,wlk
baseline_C12_combo_A_seed42,session_2026-06-30T08-17-07.003351.json,57,3775,5637,wlk
baseline_C12_combo_A_seed42,session_2026-06-30T08-17-07.003351.json,58,3839,5637,wlk
baseline_C12_combo_A_seed42,session_2026-06-30T08-17-07.003351.json,59,3903,5637,wlk
baseline_C12_combo_A_seed42,session_2026-06-30T08-17-07.003351.json,60,3967,5637,wlk
baseline_C12_combo_A_seed42,session_2026-06-30T08-17-07.003351.json,61,4031,5637,wlk
baseline_C12_combo_A_seed42,session_2026-06-30T08-17-07.003351.json,62,4095,5637,wlk
baseline_C12_combo_A_seed42,session_2026-06-30T08-17-07.003351.json,63,4159,5637,wlk
baseline_C12_combo_A_seed42,session_2026-06-30T08-17-07.003351.json,64,4223,5637,wlk
baseline_C12_combo_A_seed42,session_2026-06-30T08-17-07.003351.json,65,4287,5637,wlk
baseline_C12_combo_A_seed42,session_2026-06-30T08-17-07.003351.json,66,4351,5637,wlk
baseline_C12_combo_A_seed42,session_2026-06-30T08-17-07.003351.json,67,4415,5637,wlk
baseline_C12_combo_A_seed42,session_2026-06-30T08-17-07.003351.json,68,4479,5637,wlk
baseline_C12_combo_A_seed42,session_2026-06-30T08-17-07.003351.json,69,4543,5637,wlk
baseline_C12_combo_A_seed42,session_2026-06-30T08-17-07.003351.json,70,4607,5637,wlk
baseline_C12_combo_A_seed42,session_2026-06-30T08-17-07.003351.json,71,4671,5637,wlk
baseline_C12_combo_A_seed42,session_2026-06-30T08-17-07.003351.json,72,4735,5637,wlk
baseline_C12_combo_A_seed42,session_2026-06-30T08-17-07.003351.json,73,4799,5637,wlk
baseline_C12_combo_A_seed42,session_2026-06-30T08-17-07.003351.json,74,4863,5637,wlk
baseline_C12_combo_A_seed42,session_2026-06-30T08-17-07.003351.json,75,4927,5637,wlk
baseline_C12_combo_A_seed42,session_2026-06-30T08-17-07.003351.json,76,4991,5637,wlk
baseline_C12_combo_A_seed42,session_2026-06-30T08-17-07.003351.json,77,5055,5637,wlk
baseline_C12_combo_A_seed42,session_2026-06-30T08-17-07.003351.json,78,5119,5637,wlk
baseline_C12_combo_A_seed42,session_2026-06-30T08-17-07.003351.json,79,5183,5637,wlk
baseline_C12_combo_A_seed42,session_2026-06-30T08-17-07.003351.json,80,5247,5637,wlk
baseline_C12_combo_A_seed42,session_2026-06-30T08-17-07.003351.json,81,5311,5637,wlk
baseline_C12_combo_A_seed42,session_2026-06-30T08-17-07.003351.json,82,5375,5637,wlk
baseline_C12_combo_A_seed42,session_2026-06-30T08-17-07.003351.json,83,5439,5637,ups
baseline_C12_combo_A_seed42,session_2026-06-30T08-17-07.003351.json,84,5503,5637,ups
baseline_C12_combo_A_seed42,session_2026-06-30T08-17-07.003351.json,85,5567,5637,std
baseline_C12_combo_A_seed42,session_2026-06-30T08-17-07.003351.json,86,5631,5637,std
baseline_C12_combo_A_seed42,session_2026-07-17T12-37-55.776619.json,0,127,4468,ups
baseline_C12_combo_A_seed42,session_2026-07-17T12-37-55.776619.json,1,191,4468,ups
baseline_C12_combo_A_seed42,session_2026-07-17T12-37-55.776619.json,2,255,4468,ups
baseline_C12_combo_A_seed42,session_2026-07-17T12-37-55.776619.json,3,319,4468,wlk
baseline_C12_combo_A_seed42,session_2026-07-17T12-37-55.776619.json,4,383,4468,wlk
baseline_C12_combo_A_seed42,session_2026-07-17T12-37-55.776619.json,5,447,4468,ups
baseline_C12_combo_A_seed42,session_2026-07-17T12-37-55.776619.json,6,511,4468,ups
baseline_C12_combo_A_seed42,session_2026-07-17T12-37-55.776619.json,7,575,4468,ups
baseline_C12_combo_A_seed42,session_2026-07-17T12-37-55.776619.json,8,639,4468,ups
baseline_C12_combo_A_seed42,session_2026-07-17T12-37-55.776619.json,9,703,4468,ups
baseline_C12_combo_A_seed42,session_2026-07-17T12-37-55.776619.json,10,767,4468,ups
baseline_C12_combo_A_seed42,session_2026-07-17T12-37-55.776619.json,11,831,4468,ups
baseline_C12_combo_A_seed42,session_2026-07-17T12-37-55.776619.json,12,895,4468,ups
baseline_C12_combo_A_seed42,session_2026-07-17T12-37-55.776619.json,13,959,4468,ups
baseline_C12_combo_A_seed42,session_2026-07-17T12-37-55.776619.json,14,1023,4468,wlk
baseline_C12_combo_A_seed42,session_2026-07-17T12-37-55.776619.json,15,1087,4468,wlk
baseline_C12_combo_A_seed42,session_2026-07-17T12-37-55.776619.json,16,1151,4468,ups
baseline_C12_combo_A_seed42,session_2026-07-17T12-37-55.776619.json,17,1215,4468,wlk
baseline_C12_combo_A_seed42,session_2026-07-17T12-37-55.776619.json,18,1279,4468,wlk
baseline_C12_combo_A_seed42,session_2026-07-17T12-37-55.776619.json,19,1343,4468,ups
baseline_C12_combo_A_seed42,session_2026-07-17T12-37-55.776619.json,20,1407,4468,ups
baseline_C12_combo_A_seed42,session_2026-07-17T12-37-55.776619.json,21,1471,4468,ups
baseline_C12_combo_A_seed42,session_2026-07-17T12-37-55.776619.json,22,1535,4468,ups
baseline_C12_combo_A_seed42,session_2026-07-17T12-37-55.776619.json,23,1599,4468,ups
baseline_C12_combo_A_seed42,session_2026-07-17T12-37-55.776619.json,24,1663,4468,ups
baseline_C12_combo_A_seed42,session_2026-07-17T12-37-55.776619.json,25,1727,4468,ups
baseline_C12_combo_A_seed42,session_2026-07-17T12-37-55.776619.json,26,1791,4468,wlk
baseline_C12_combo_A_seed42,session_2026-07-17T12-37-55.776619.json,27,1855,4468,ups
baseline_C12_combo_A_seed42,session_2026-07-17T12-37-55.776619.json,28,1919,4468,ups
baseline_C12_combo_A_seed42,session_2026-07-17T12-37-55.776619.json,29,1983,4468,ups
baseline_C12_combo_A_seed42,session_2026-07-17T12-37-55.776619.json,30,2047,4468,ups
baseline_C12_combo_A_seed42,session_2026-07-17T12-37-55.776619.json,31,2111,4468,ups
baseline_C12_combo_A_seed42,session_2026-07-17T12-37-55.776619.json,32,2175,4468,wlk
baseline_C12_combo_A_seed42,session_2026-07-17T12-37-55.776619.json,33,2239,4468,wlk
baseline_C12_combo_A_seed42,session_2026-07-17T12-37-55.776619.json,34,2303,4468,ups
baseline_C12_combo_A_seed42,session_2026-07-17T12-37-55.776619.json,35,2367,4468,ups
baseline_C12_combo_A_seed42,session_2026-07-17T12-37-55.776619.json,36,2431,4468,wlk
baseline_C12_combo_A_seed42,session_2026-07-17T12-37-55.776619.json,37,2495,4468,ups
baseline_C12_combo_A_seed42,session_2026-07-17T12-37-55.776619.json,38,2559,4468,ups
baseline_C12_combo_A_seed42,session_2026-07-17T12-37-55.776619.json,39,2623,4468,ups
baseline_C12_combo_A_seed42,session_2026-07-17T12-37-55.776619.json,40,2687,4468,ups
baseline_C12_combo_A_seed42,session_2026-07-17T12-37-55.776619.json,41,2751,4468,wlk
baseline_C12_combo_A_seed42,session_2026-07-17T12-37-55.776619.json,42,2815,4468,wlk
baseline_C12_combo_A_seed42,session_2026-07-17T12-37-55.776619.json,43,2879,4468,wlk
baseline_C12_combo_A_seed42,session_2026-07-17T12-37-55.776619.json,44,2943,4468,ups
baseline_C12_combo_A_seed42,session_2026-07-17T12-37-55.776619.json,45,3007,4468,wlk
baseline_C12_combo_A_seed42,session_2026-07-17T12-37-55.776619.json,46,3071,4468,wlk
baseline_C12_combo_A_seed42,session_2026-07-17T12-37-55.776619.json,47,3135,4468,wlk
baseline_C12_combo_A_seed42,session_2026-07-17T12-37-55.776619.json,48,3199,4468,wlk
baseline_C12_combo_A_seed42,session_2026-07-17T12-37-55.776619.json,49,3263,4468,wlk
baseline_C12_combo_A_seed42,session_2026-07-17T12-37-55.776619.json,50,3327,4468,wlk
baseline_C12_combo_A_seed42,session_2026-07-17T12-37-55.776619.json,51,3391,4468,ups
baseline_C12_combo_A_seed42,session_2026-07-17T12-37-55.776619.json,52,3455,4468,wlk
baseline_C12_combo_A_seed42,session_2026-07-17T12-37-55.776619.json,53,3519,4468,wlk
baseline_C12_combo_A_seed42,session_2026-07-17T12-37-55.776619.json,54,3583,4468,wlk
baseline_C12_combo_A_seed42,session_2026-07-17T12-37-55.776619.json,55,3647,4468,ups
baseline_C12_combo_A_seed42,session_2026-07-17T12-37-55.776619.json,56,3711,4468,ups
baseline_C12_combo_A_seed42,session_2026-07-17T12-37-55.776619.json,57,3775,4468,wlk
baseline_C12_combo_A_seed42,session_2026-07-17T12-37-55.776619.json,58,3839,4468,ups
baseline_C12_combo_A_seed42,session_2026-07-17T12-37-55.776619.json,59,3903,4468,ups
baseline_C12_combo_A_seed42,session_2026-07-17T12-37-55.776619.json,60,3967,4468,ups
baseline_C12_combo_A_seed42,session_2026-07-17T12-37-55.776619.json,61,4031,4468,ups
baseline_C12_combo_A_seed42,session_2026-07-17T12-37-55.776619.json,62,4095,4468,ups
baseline_C12_combo_A_seed42,session_2026-07-17T12-37-55.776619.json,63,4159,4468,ups
baseline_C12_combo_A_seed42,session_2026-07-17T12-37-55.776619.json,64,4223,4468,ups
baseline_C12_combo_A_seed42,session_2026-07-17T12-37-55.776619.json,65,4287,4468,ups
baseline_C12_combo_A_seed42,session_2026-07-17T12-37-55.776619.json,66,4351,4468,std
baseline_C12_combo_A_seed42,session_2026-07-17T12-37-55.776619.json,67,4415,4468,std
baseline_C12_combo_A_seed42,session_2026-07-17T12-40-55.813790.json,0,127,4665,wlk
baseline_C12_combo_A_seed42,session_2026-07-17T12-40-55.813790.json,1,191,4665,wlk
baseline_C12_combo_A_seed42,session_2026-07-17T12-40-55.813790.json,2,255,4665,wlk
baseline_C12_combo_A_seed42,session_2026-07-17T12-40-55.813790.json,3,319,4665,wlk
baseline_C12_combo_A_seed42,session_2026-07-17T12-40-55.813790.json,4,383,4665,wlk
baseline_C12_combo_A_seed42,session_2026-07-17T12-40-55.813790.json,5,447,4665,wlk
baseline_C12_combo_A_seed42,session_2026-07-17T12-40-55.813790.json,6,511,4665,wlk
baseline_C12_combo_A_seed42,session_2026-07-17T12-40-55.813790.json,7,575,4665,ups
baseline_C12_combo_A_seed42,session_2026-07-17T12-40-55.813790.json,8,639,4665,ups
baseline_C12_combo_A_seed42,session_2026-07-17T12-40-55.813790.json,9,703,4665,ups
baseline_C12_combo_A_seed42,session_2026-07-17T12-40-55.813790.json,10,767,4665,wlk
baseline_C12_combo_A_seed42,session_2026-07-17T12-40-55.813790.json,11,831,4665,ups
baseline_C12_combo_A_seed42,session_2026-07-17T12-40-55.813790.json,12,895,4665,ups
baseline_C12_combo_A_seed42,session_2026-07-17T12-40-55.813790.json,13,959,4665,wlk
baseline_C12_combo_A_seed42,session_2026-07-17T12-40-55.813790.json,14,1023,4665,ups
baseline_C12_combo_A_seed42,session_2026-07-17T12-40-55.813790.json,15,1087,4665,ups
baseline_C12_combo_A_seed42,session_2026-07-17T12-40-55.813790.json,16,1151,4665,ups
baseline_C12_combo_A_seed42,session_2026-07-17T12-40-55.813790.json,17,1215,4665,ups
baseline_C12_combo_A_seed42,session_2026-07-17T12-40-55.813790.json,18,1279,4665,wlk
baseline_C12_combo_A_seed42,session_2026-07-17T12-40-55.813790.json,19,1343,4665,wlk
baseline_C12_combo_A_seed42,session_2026-07-17T12-40-55.813790.json,20,1407,4665,wlk
baseline_C12_combo_A_seed42,session_2026-07-17T12-40-55.813790.json,21,1471,4665,ups
baseline_C12_combo_A_seed42,session_2026-07-17T12-40-55.813790.json,22,1535,4665,wlk
baseline_C12_combo_A_seed42,session_2026-07-17T12-40-55.813790.json,23,1599,4665,wlk
baseline_C12_combo_A_seed42,session_2026-07-17T12-40-55.813790.json,24,1663,4665,wlk
baseline_C12_combo_A_seed42,session_2026-07-17T12-40-55.813790.json,25,1727,4665,wlk
baseline_C12_combo_A_seed42,session_2026-07-17T12-40-55.813790.json,26,1791,4665,ups
baseline_C12_combo_A_seed42,session_2026-07-17T12-40-55.813790.json,27,1855,4665,ups
baseline_C12_combo_A_seed42,session_2026-07-17T12-40-55.813790.json,28,1919,4665,ups
baseline_C12_combo_A_seed42,session_2026-07-17T12-40-55.813790.json,29,1983,4665,ups
baseline_C12_combo_A_seed42,session_2026-07-17T12-40-55.813790.json,30,2047,4665,ups
baseline_C12_combo_A_seed42,session_2026-07-17T12-40-55.813790.json,31,2111,4665,ups
baseline_C12_combo_A_seed42,session_2026-07-17T12-40-55.813790.json,32,2175,4665,ups
baseline_C12_combo_A_seed42,session_2026-07-17T12-40-55.813790.json,33,2239,4665,ups
baseline_C12_combo_A_seed42,session_2026-07-17T12-40-55.813790.json,34,2303,4665,wlk
baseline_C12_combo_A_seed42,session_2026-07-17T12-40-55.813790.json,35,2367,4665,ups
baseline_C12_combo_A_seed42,session_2026-07-17T12-40-55.813790.json,36,2431,4665,ups
baseline_C12_combo_A_seed42,session_2026-07-17T12-40-55.813790.json,37,2495,4665,wlk
baseline_C12_combo_A_seed42,session_2026-07-17T12-40-55.813790.json,38,2559,4665,ups
baseline_C12_combo_A_seed42,session_2026-07-17T12-40-55.813790.json,39,2623,4665,ups
baseline_C12_combo_A_seed42,session_2026-07-17T12-40-55.813790.json,40,2687,4665,wlk
baseline_C12_combo_A_seed42,session_2026-07-17T12-40-55.813790.json,41,2751,4665,ups
baseline_C12_combo_A_seed42,session_2026-07-17T12-40-55.813790.json,42,2815,4665,wlk
baseline_C12_combo_A_seed42,session_2026-07-17T12-40-55.813790.json,43,2879,4665,ups
baseline_C12_combo_A_seed42,session_2026-07-17T12-40-55.813790.json,44,2943,4665,ups
baseline_C12_combo_A_seed42,session_2026-07-17T12-40-55.813790.json,45,3007,4665,ups
baseline_C12_combo_A_seed42,session_2026-07-17T12-40-55.813790.json,46,3071,4665,ups
baseline_C12_combo_A_seed42,session_2026-07-17T12-40-55.813790.json,47,3135,4665,wlk
baseline_C12_combo_A_seed42,session_2026-07-17T12-40-55.813790.json,48,3199,4665,wlk
baseline_C12_combo_A_seed42,session_2026-07-17T12-40-55.813790.json,49,3263,4665,wlk
baseline_C12_combo_A_seed42,session_2026-07-17T12-40-55.813790.json,50,3327,4665,ups
baseline_C12_combo_A_seed42,session_2026-07-17T12-40-55.813790.json,51,3391,4665,ups
baseline_C12_combo_A_seed42,session_2026-07-17T12-40-55.813790.json,52,3455,4665,ups
baseline_C12_combo_A_seed42,session_2026-07-17T12-40-55.813790.json,53,3519,4665,ups
baseline_C12_combo_A_seed42,session_2026-07-17T12-40-55.813790.json,54,3583,4665,ups
baseline_C12_combo_A_seed42,session_2026-07-17T12-40-55.813790.json,55,3647,4665,ups
baseline_C12_combo_A_seed42,session_2026-07-17T12-40-55.813790.json,56,3711,4665,ups
baseline_C12_combo_A_seed42,session_2026-07-17T12-40-55.813790.json,57,3775,4665,ups
baseline_C12_combo_A_seed42,session_2026-07-17T12-40-55.813790.json,58,3839,4665,ups
baseline_C12_combo_A_seed42,session_2026-07-17T12-40-55.813790.json,59,3903,4665,wlk
baseline_C12_combo_A_seed42,session_2026-07-17T12-40-55.813790.json,60,3967,4665,ups
baseline_C12_combo_A_seed42,session_2026-07-17T12-40-55.813790.json,61,4031,4665,ups
baseline_C12_combo_A_seed42,session_2026-07-17T12-40-55.813790.json,62,4095,4665,ups
baseline_C12_combo_A_seed42,session_2026-07-17T12-40-55.813790.json,63,4159,4665,ups
baseline_C12_combo_A_seed42,session_2026-07-17T12-40-55.813790.json,64,4223,4665,ups
baseline_C12_combo_A_seed42,session_2026-07-17T12-40-55.813790.json,65,4287,4665,ups
baseline_C12_combo_A_seed42,session_2026-07-17T12-40-55.813790.json,66,4351,4665,std
baseline_C12_combo_A_seed42,session_2026-07-17T12-40-55.813790.json,67,4415,4665,std
baseline_C12_combo_A_seed42,session_2026-07-17T12-40-55.813790.json,68,4479,4665,std
baseline_C12_combo_A_seed42,session_2026-07-17T12-40-55.813790.json,69,4543,4665,std
baseline_C12_combo_A_seed42,session_2026-07-17T12-40-55.813790.json,70,4607,4665,std
baseline_C12_combo_A_seed42,session_2026-07-17T14-39-47.700239.json,0,127,2360,ups
baseline_C12_combo_A_seed42,session_2026-07-17T14-39-47.700239.json,1,191,2360,ups
baseline_C12_combo_A_seed42,session_2026-07-17T14-39-47.700239.json,2,255,2360,ups
baseline_C12_combo_A_seed42,session_2026-07-17T14-39-47.700239.json,3,319,2360,wlk
baseline_C12_combo_A_seed42,session_2026-07-17T14-39-47.700239.json,4,383,2360,wlk
baseline_C12_combo_A_seed42,session_2026-07-17T14-39-47.700239.json,5,447,2360,wlk
baseline_C12_combo_A_seed42,session_2026-07-17T14-39-47.700239.json,6,511,2360,wlk
baseline_C12_combo_A_seed42,session_2026-07-17T14-39-47.700239.json,7,575,2360,ups
baseline_C12_combo_A_seed42,session_2026-07-17T14-39-47.700239.json,8,639,2360,ups
baseline_C12_combo_A_seed42,session_2026-07-17T14-39-47.700239.json,9,703,2360,wlk
baseline_C12_combo_A_seed42,session_2026-07-17T14-39-47.700239.json,10,767,2360,wlk
baseline_C12_combo_A_seed42,session_2026-07-17T14-39-47.700239.json,11,831,2360,wlk
baseline_C12_combo_A_seed42,session_2026-07-17T14-39-47.700239.json,12,895,2360,wlk
baseline_C12_combo_A_seed42,session_2026-07-17T14-39-47.700239.json,13,959,2360,wlk
baseline_C12_combo_A_seed42,session_2026-07-17T14-39-47.700239.json,14,1023,2360,wlk
baseline_C12_combo_A_seed42,session_2026-07-17T14-39-47.700239.json,15,1087,2360,ups
baseline_C12_combo_A_seed42,session_2026-07-17T14-39-47.700239.json,16,1151,2360,ups
baseline_C12_combo_A_seed42,session_2026-07-17T14-39-47.700239.json,17,1215,2360,ups
baseline_C12_combo_A_seed42,session_2026-07-17T14-39-47.700239.json,18,1279,2360,wlk
baseline_C12_combo_A_seed42,session_2026-07-17T14-39-47.700239.json,19,1343,2360,wlk
baseline_C12_combo_A_seed42,session_2026-07-17T14-39-47.700239.json,20,1407,2360,ups
baseline_C12_combo_A_seed42,session_2026-07-17T14-39-47.700239.json,21,1471,2360,ups
baseline_C12_combo_A_seed42,session_2026-07-17T14-39-47.700239.json,22,1535,2360,wlk
baseline_C12_combo_A_seed42,session_2026-07-17T14-39-47.700239.json,23,1599,2360,wlk
baseline_C12_combo_A_seed42,session_2026-07-17T14-39-47.700239.json,24,1663,2360,wlk
baseline_C12_combo_A_seed42,session_2026-07-17T14-39-47.700239.json,25,1727,2360,wlk
baseline_C12_combo_A_seed42,session_2026-07-17T14-39-47.700239.json,26,1791,2360,wlk
baseline_C12_combo_A_seed42,session_2026-07-17T14-39-47.700239.json,27,1855,2360,ups
baseline_C12_combo_A_seed42,session_2026-07-17T14-39-47.700239.json,28,1919,2360,wlk
baseline_C12_combo_A_seed42,session_2026-07-17T14-39-47.700239.json,29,1983,2360,ups
baseline_C12_combo_A_seed42,session_2026-07-17T14-39-47.700239.json,30,2047,2360,std
baseline_C12_combo_A_seed42,session_2026-07-17T14-39-47.700239.json,31,2111,2360,std
baseline_C12_combo_A_seed42,session_2026-07-17T14-39-47.700239.json,32,2175,2360,std
baseline_C12_combo_A_seed42,session_2026-07-17T14-39-47.700239.json,33,2239,2360,std
baseline_C12_combo_A_seed42,session_2026-07-17T14-39-47.700239.json,34,2303,2360,std
baseline_C12_combo_A_seed42,session_2026-07-17T14-41-25.520883.json,0,127,1863,ups
baseline_C12_combo_A_seed42,session_2026-07-17T14-41-25.520883.json,1,191,1863,wlk
baseline_C12_combo_A_seed42,session_2026-07-17T14-41-25.520883.json,2,255,1863,wlk
baseline_C12_combo_A_seed42,session_2026-07-17T14-41-25.520883.json,3,319,1863,wlk
baseline_C12_combo_A_seed42,session_2026-07-17T14-41-25.520883.json,4,383,1863,wlk
baseline_C12_combo_A_seed42,session_2026-07-17T14-41-25.520883.json,5,447,1863,wlk
baseline_C12_combo_A_seed42,session_2026-07-17T14-41-25.520883.json,6,511,1863,ups
baseline_C12_combo_A_seed42,session_2026-07-17T14-41-25.520883.json,7,575,1863,ups
baseline_C12_combo_A_seed42,session_2026-07-17T14-41-25.520883.json,8,639,1863,ups
baseline_C12_combo_A_seed42,session_2026-07-17T14-41-25.520883.json,9,703,1863,ups
baseline_C12_combo_A_seed42,session_2026-07-17T14-41-25.520883.json,10,767,1863,ups
baseline_C12_combo_A_seed42,session_2026-07-17T14-41-25.520883.json,11,831,1863,ups
baseline_C12_combo_A_seed42,session_2026-07-17T14-41-25.520883.json,12,895,1863,ups
baseline_C12_combo_A_seed42,session_2026-07-17T14-41-25.520883.json,13,959,1863,ups
baseline_C12_combo_A_seed42,session_2026-07-17T14-41-25.520883.json,14,1023,1863,ups
baseline_C12_combo_A_seed42,session_2026-07-17T14-41-25.520883.json,15,1087,1863,ups
baseline_C12_combo_A_seed42,session_2026-07-17T14-41-25.520883.json,16,1151,1863,ups
baseline_C12_combo_A_seed42,session_2026-07-17T14-41-25.520883.json,17,1215,1863,ups
baseline_C12_combo_A_seed42,session_2026-07-17T14-41-25.520883.json,18,1279,1863,ups
baseline_C12_combo_A_seed42,session_2026-07-17T14-41-25.520883.json,19,1343,1863,ups
baseline_C12_combo_A_seed42,session_2026-07-17T14-41-25.520883.json,20,1407,1863,ups
baseline_C12_combo_A_seed42,session_2026-07-17T14-41-25.520883.json,21,1471,1863,wlk
baseline_C12_combo_A_seed42,session_2026-07-17T14-41-25.520883.json,22,1535,1863,wlk
baseline_C12_combo_A_seed42,session_2026-07-17T14-41-25.520883.json,23,1599,1863,ups
baseline_C12_combo_A_seed42,session_2026-07-17T14-41-25.520883.json,24,1663,1863,std
baseline_C12_combo_A_seed42,session_2026-07-17T14-41-25.520883.json,25,1727,1863,std
baseline_C12_combo_A_seed42,session_2026-07-17T14-41-25.520883.json,26,1791,1863,std
baseline_C12_combo_A_seed42,session_2026-07-17T14-41-25.520883.json,27,1855,1863,std
baseline_C12_combo_A_seed42,session_2026-07-22T14-31-33.468306.json,0,127,1036,ups
baseline_C12_combo_A_seed42,session_2026-07-22T14-31-33.468306.json,1,191,1036,ups
baseline_C12_combo_A_seed42,session_2026-07-22T14-31-33.468306.json,2,255,1036,ups
baseline_C12_combo_A_seed42,session_2026-07-22T14-31-33.468306.json,3,319,1036,ups
baseline_C12_combo_A_seed42,session_2026-07-22T14-31-33.468306.json,4,383,1036,ups
baseline_C12_combo_A_seed42,session_2026-07-22T14-31-33.468306.json,5,447,1036,wlk
baseline_C12_combo_A_seed42,session_2026-07-22T14-31-33.468306.json,6,511,1036,wlk
baseline_C12_combo_A_seed42,session_2026-07-22T14-31-33.468306.json,7,575,1036,wlk
baseline_C12_combo_A_seed42,session_2026-07-22T14-31-33.468306.json,8,639,1036,wlk
baseline_C12_combo_A_seed42,session_2026-07-22T14-31-33.468306.json,9,703,1036,ups
baseline_C12_combo_A_seed42,session_2026-07-22T14-31-33.468306.json,10,767,1036,ups
baseline_C12_combo_A_seed42,session_2026-07-22T14-31-33.468306.json,11,831,1036,ups
baseline_C12_combo_A_seed42,session_2026-07-22T14-31-33.468306.json,12,895,1036,std
baseline_C12_combo_A_seed42,session_2026-07-22T14-31-33.468306.json,13,959,1036,std
baseline_C12_combo_A_seed42,session_2026-07-22T14-31-33.468306.json,14,1023,1036,sit
baseline_C12_combo_A_seed42,session_2026-07-22T14-35-18.292706.json,0,127,1038,ups
baseline_C12_combo_A_seed42,session_2026-07-22T14-35-18.292706.json,1,191,1038,ups
baseline_C12_combo_A_seed42,session_2026-07-22T14-35-18.292706.json,2,255,1038,wlk
baseline_C12_combo_A_seed42,session_2026-07-22T14-35-18.292706.json,3,319,1038,wlk
baseline_C12_combo_A_seed42,session_2026-07-22T14-35-18.292706.json,4,383,1038,ups
baseline_C12_combo_A_seed42,session_2026-07-22T14-35-18.292706.json,5,447,1038,ups
baseline_C12_combo_A_seed42,session_2026-07-22T14-35-18.292706.json,6,511,1038,wlk
baseline_C12_combo_A_seed42,session_2026-07-22T14-35-18.292706.json,7,575,1038,wlk
baseline_C12_combo_A_seed42,session_2026-07-22T14-35-18.292706.json,8,639,1038,wlk
baseline_C12_combo_A_seed42,session_2026-07-22T14-35-18.292706.json,9,703,1038,ups
baseline_C12_combo_A_seed42,session_2026-07-22T14-35-18.292706.json,10,767,1038,std
baseline_C12_combo_A_seed42,session_2026-07-22T14-35-18.292706.json,11,831,1038,std
baseline_C12_combo_A_seed42,session_2026-07-22T14-35-18.292706.json,12,895,1038,std
baseline_C12_combo_A_seed42,session_2026-07-22T14-35-18.292706.json,13,959,1038,std
baseline_C12_combo_A_seed42,session_2026-07-22T14-35-18.292706.json,14,1023,1038,sit
baseline_C12_combo_A_seed42,session_2026-07-22T14-36-54.077805.json,0,127,1067,ups
baseline_C12_combo_A_seed42,session_2026-07-22T14-36-54.077805.json,1,191,1067,ups
baseline_C12_combo_A_seed42,session_2026-07-22T14-36-54.077805.json,2,255,1067,wlk
baseline_C12_combo_A_seed42,session_2026-07-22T14-36-54.077805.json,3,319,1067,wlk
baseline_C12_combo_A_seed42,session_2026-07-22T14-36-54.077805.json,4,383,1067,wlk
baseline_C12_combo_A_seed42,session_2026-07-22T14-36-54.077805.json,5,447,1067,wlk
baseline_C12_combo_A_seed42,session_2026-07-22T14-36-54.077805.json,6,511,1067,wlk
baseline_C12_combo_A_seed42,session_2026-07-22T14-36-54.077805.json,7,575,1067,wlk
baseline_C12_combo_A_seed42,session_2026-07-22T14-36-54.077805.json,8,639,1067,wlk
baseline_C12_combo_A_seed42,session_2026-07-22T14-36-54.077805.json,9,703,1067,ups
baseline_C12_combo_A_seed42,session_2026-07-22T14-36-54.077805.json,10,767,1067,std
baseline_C12_combo_A_seed42,session_2026-07-22T14-36-54.077805.json,11,831,1067,std
baseline_C12_combo_A_seed42,session_2026-07-22T14-36-54.077805.json,12,895,1067,std
baseline_C12_combo_A_seed42,session_2026-07-22T14-36-54.077805.json,13,959,1067,std
baseline_C12_combo_A_seed42,session_2026-07-22T14-36-54.077805.json,14,1023,1067,sit
baseline_C12_combo_A_seed42,session_2026-07-22T14-38-05.221747.json,0,127,1236,ups
baseline_C12_combo_A_seed42,session_2026-07-22T14-38-05.221747.json,1,191,1236,ups
baseline_C12_combo_A_seed42,session_2026-07-22T14-38-05.221747.json,2,255,1236,wlk
baseline_C12_combo_A_seed42,session_2026-07-22T14-38-05.221747.json,3,319,1236,ups
baseline_C12_combo_A_seed42,session_2026-07-22T14-38-05.221747.json,4,383,1236,ups
baseline_C12_combo_A_seed42,session_2026-07-22T14-38-05.221747.json,5,447,1236,ups
baseline_C12_combo_A_seed42,session_2026-07-22T14-38-05.221747.json,6,511,1236,ups
baseline_C12_combo_A_seed42,session_2026-07-22T14-38-05.221747.json,7,575,1236,wlk
baseline_C12_combo_A_seed42,session_2026-07-22T14-38-05.221747.json,8,639,1236,wlk
baseline_C12_combo_A_seed42,session_2026-07-22T14-38-05.221747.json,9,703,1236,ups
baseline_C12_combo_A_seed42,session_2026-07-22T14-38-05.221747.json,10,767,1236,std
baseline_C12_combo_A_seed42,session_2026-07-22T14-38-05.221747.json,11,831,1236,std
baseline_C12_combo_A_seed42,session_2026-07-22T14-38-05.221747.json,12,895,1236,std
baseline_C12_combo_A_seed42,session_2026-07-22T14-38-05.221747.json,13,959,1236,std
baseline_C12_combo_A_seed42,session_2026-07-22T14-38-05.221747.json,14,1023,1236,sit
baseline_C12_combo_A_seed42,session_2026-07-22T14-38-05.221747.json,15,1087,1236,sit
baseline_C12_combo_A_seed42,session_2026-07-22T14-38-05.221747.json,16,1151,1236,sit
baseline_C12_combo_A_seed42,session_2026-07-22T14-38-05.221747.json,17,1215,1236,sit
baseline_C12_combo_A_seed42,session_2026-07-22T14-39-41.350716.json,0,127,872,ups
baseline_C12_combo_A_seed42,session_2026-07-22T14-39-41.350716.json,1,191,872,ups
baseline_C12_combo_A_seed42,session_2026-07-22T14-39-41.350716.json,2,255,872,wlk
baseline_C12_combo_A_seed42,session_2026-07-22T14-39-41.350716.json,3,319,872,wlk
baseline_C12_combo_A_seed42,session_2026-07-22T14-39-41.350716.json,4,383,872,wlk
baseline_C12_combo_A_seed42,session_2026-07-22T14-39-41.350716.json,5,447,872,wlk
baseline_C12_combo_A_seed42,session_2026-07-22T14-39-41.350716.json,6,511,872,wlk
baseline_C12_combo_A_seed42,session_2026-07-22T14-39-41.350716.json,7,575,872,wlk
baseline_C12_combo_A_seed42,session_2026-07-22T14-39-41.350716.json,8,639,872,ups
baseline_C12_combo_A_seed42,session_2026-07-22T14-39-41.350716.json,9,703,872,std
baseline_C12_combo_A_seed42,session_2026-07-22T14-39-41.350716.json,10,767,872,std
baseline_C12_combo_A_seed42,session_2026-07-22T14-39-41.350716.json,11,831,872,std
baseline_C12_combo_A_seed42,session_2026-07-22T14-40-42.415662.json,0,127,1173,ups
baseline_C12_combo_A_seed42,session_2026-07-22T14-40-42.415662.json,1,191,1173,ups
baseline_C12_combo_A_seed42,session_2026-07-22T14-40-42.415662.json,2,255,1173,ups
baseline_C12_combo_A_seed42,session_2026-07-22T14-40-42.415662.json,3,319,1173,ups
baseline_C12_combo_A_seed42,session_2026-07-22T14-40-42.415662.json,4,383,1173,ups
baseline_C12_combo_A_seed42,session_2026-07-22T14-40-42.415662.json,5,447,1173,ups
baseline_C12_combo_A_seed42,session_2026-07-22T14-40-42.415662.json,6,511,1173,ups
baseline_C12_combo_A_seed42,session_2026-07-22T14-40-42.415662.json,7,575,1173,ups
baseline_C12_combo_A_seed42,session_2026-07-22T14-40-42.415662.json,8,639,1173,ups
baseline_C12_combo_A_seed42,session_2026-07-22T14-40-42.415662.json,9,703,1173,ups
baseline_C12_combo_A_seed42,session_2026-07-22T14-40-42.415662.json,10,767,1173,ups
baseline_C12_combo_A_seed42,session_2026-07-22T14-40-42.415662.json,11,831,1173,ups
baseline_C12_combo_A_seed42,session_2026-07-22T14-40-42.415662.json,12,895,1173,ups
baseline_C12_combo_A_seed42,session_2026-07-22T14-40-42.415662.json,13,959,1173,std
baseline_C12_combo_A_seed42,session_2026-07-22T14-40-42.415662.json,14,1023,1173,std
baseline_C12_combo_A_seed42,session_2026-07-22T14-40-42.415662.json,15,1087,1173,std
baseline_C12_combo_A_seed42,session_2026-07-22T14-40-42.415662.json,16,1151,1173,sit
baseline_C12_combo_A_seed42,session_2026-07-22T14-41-56.856929.json,0,127,1298,ups
baseline_C12_combo_A_seed42,session_2026-07-22T14-41-56.856929.json,1,191,1298,ups
baseline_C12_combo_A_seed42,session_2026-07-22T14-41-56.856929.json,2,255,1298,ups
baseline_C12_combo_A_seed42,session_2026-07-22T14-41-56.856929.json,3,319,1298,ups
baseline_C12_combo_A_seed42,session_2026-07-22T14-41-56.856929.json,4,383,1298,ups
baseline_C12_combo_A_seed42,session_2026-07-22T14-41-56.856929.json,5,447,1298,ups
baseline_C12_combo_A_seed42,session_2026-07-22T14-41-56.856929.json,6,511,1298,ups
baseline_C12_combo_A_seed42,session_2026-07-22T14-41-56.856929.json,7,575,1298,ups
baseline_C12_combo_A_seed42,session_2026-07-22T14-41-56.856929.json,8,639,1298,ups
baseline_C12_combo_A_seed42,session_2026-07-22T14-41-56.856929.json,9,703,1298,ups
baseline_C12_combo_A_seed42,session_2026-07-22T14-41-56.856929.json,10,767,1298,ups
baseline_C12_combo_A_seed42,session_2026-07-22T14-41-56.856929.json,11,831,1298,ups
baseline_C12_combo_A_seed42,session_2026-07-22T14-41-56.856929.json,12,895,1298,ups
baseline_C12_combo_A_seed42,session_2026-07-22T14-41-56.856929.json,13,959,1298,ups
baseline_C12_combo_A_seed42,session_2026-07-22T14-41-56.856929.json,14,1023,1298,ups
baseline_C12_combo_A_seed42,session_2026-07-22T14-41-56.856929.json,15,1087,1298,std
baseline_C12_combo_A_seed42,session_2026-07-22T14-41-56.856929.json,16,1151,1298,ups
baseline_C12_combo_A_seed42,session_2026-07-22T14-41-56.856929.json,17,1215,1298,std
baseline_C12_combo_A_seed42,session_2026-07-22T14-41-56.856929.json,18,1279,1298,sit
baseline_C12_combo_A_seed42,session_2026-07-22T14-43-38.229716.json,0,127,1380,ups
baseline_C12_combo_A_seed42,session_2026-07-22T14-43-38.229716.json,1,191,1380,ups
baseline_C12_combo_A_seed42,session_2026-07-22T14-43-38.229716.json,2,255,1380,ups
baseline_C12_combo_A_seed42,session_2026-07-22T14-43-38.229716.json,3,319,1380,ups
baseline_C12_combo_A_seed42,session_2026-07-22T14-43-38.229716.json,4,383,1380,ups
baseline_C12_combo_A_seed42,session_2026-07-22T14-43-38.229716.json,5,447,1380,ups
baseline_C12_combo_A_seed42,session_2026-07-22T14-43-38.229716.json,6,511,1380,ups
baseline_C12_combo_A_seed42,session_2026-07-22T14-43-38.229716.json,7,575,1380,ups
baseline_C12_combo_A_seed42,session_2026-07-22T14-43-38.229716.json,8,639,1380,ups
baseline_C12_combo_A_seed42,session_2026-07-22T14-43-38.229716.json,9,703,1380,ups
baseline_C12_combo_A_seed42,session_2026-07-22T14-43-38.229716.json,10,767,1380,ups
baseline_C12_combo_A_seed42,session_2026-07-22T14-43-38.229716.json,11,831,1380,ups
baseline_C12_combo_A_seed42,session_2026-07-22T14-43-38.229716.json,12,895,1380,ups
baseline_C12_combo_A_seed42,session_2026-07-22T14-43-38.229716.json,13,959,1380,ups
baseline_C12_combo_A_seed42,session_2026-07-22T14-43-38.229716.json,14,1023,1380,ups
baseline_C12_combo_A_seed42,session_2026-07-22T14-43-38.229716.json,15,1087,1380,std
baseline_C12_combo_A_seed42,session_2026-07-22T14-43-38.229716.json,16,1151,1380,std
baseline_C12_combo_A_seed42,session_2026-07-22T14-43-38.229716.json,17,1215,1380,sit
baseline_C12_combo_A_seed42,session_2026-07-22T14-43-38.229716.json,18,1279,1380,std
baseline_C12_combo_A_seed42,session_2026-07-22T14-43-38.229716.json,19,1343,1380,std
baseline_C12_combo_A_seed42,session_2026-07-22T14-44-47.287767.json,0,127,1412,ups
baseline_C12_combo_A_seed42,session_2026-07-22T14-44-47.287767.json,1,191,1412,ups
baseline_C12_combo_A_seed42,session_2026-07-22T14-44-47.287767.json,2,255,1412,wlk
baseline_C12_combo_A_seed42,session_2026-07-22T14-44-47.287767.json,3,319,1412,ups
baseline_C12_combo_A_seed42,session_2026-07-22T14-44-47.287767.json,4,383,1412,ups
baseline_C12_combo_A_seed42,session_2026-07-22T14-44-47.287767.json,5,447,1412,ups
baseline_C12_combo_A_seed42,session_2026-07-22T14-44-47.287767.json,6,511,1412,ups
baseline_C12_combo_A_seed42,session_2026-07-22T14-44-47.287767.json,7,575,1412,wlk
baseline_C12_combo_A_seed42,session_2026-07-22T14-44-47.287767.json,8,639,1412,wlk
baseline_C12_combo_A_seed42,session_2026-07-22T14-44-47.287767.json,9,703,1412,wlk
baseline_C12_combo_A_seed42,session_2026-07-22T14-44-47.287767.json,10,767,1412,wlk
baseline_C12_combo_A_seed42,session_2026-07-22T14-44-47.287767.json,11,831,1412,wlk
baseline_C12_combo_A_seed42,session_2026-07-22T14-44-47.287767.json,12,895,1412,ups
baseline_C12_combo_A_seed42,session_2026-07-22T14-44-47.287767.json,13,959,1412,wlk
baseline_C12_combo_A_seed42,session_2026-07-22T14-44-47.287767.json,14,1023,1412,std
baseline_C12_combo_A_seed42,session_2026-07-22T14-44-47.287767.json,15,1087,1412,std
baseline_C12_combo_A_seed42,session_2026-07-22T14-44-47.287767.json,16,1151,1412,std
baseline_C12_combo_A_seed42,session_2026-07-22T14-44-47.287767.json,17,1215,1412,std
baseline_C12_combo_A_seed42,session_2026-07-22T14-44-47.287767.json,18,1279,1412,sit
baseline_C12_combo_A_seed42,session_2026-07-22T14-44-47.287767.json,19,1343,1412,std
baseline_C12_combo_A_seed42,session_2026-07-22T14-44-47.287767.json,20,1407,1412,std
baseline_C12_combo_A_seed42,session_2026-07-22T14-45-55.828701.json,0,127,1344,ups
baseline_C12_combo_A_seed42,session_2026-07-22T14-45-55.828701.json,1,191,1344,ups
baseline_C12_combo_A_seed42,session_2026-07-22T14-45-55.828701.json,2,255,1344,ups
baseline_C12_combo_A_seed42,session_2026-07-22T14-45-55.828701.json,3,319,1344,ups
baseline_C12_combo_A_seed42,session_2026-07-22T14-45-55.828701.json,4,383,1344,ups
baseline_C12_combo_A_seed42,session_2026-07-22T14-45-55.828701.json,5,447,1344,ups
baseline_C12_combo_A_seed42,session_2026-07-22T14-45-55.828701.json,6,511,1344,wlk
baseline_C12_combo_A_seed42,session_2026-07-22T14-45-55.828701.json,7,575,1344,ups
baseline_C12_combo_A_seed42,session_2026-07-22T14-45-55.828701.json,8,639,1344,ups
baseline_C12_combo_A_seed42,session_2026-07-22T14-45-55.828701.json,9,703,1344,ups
baseline_C12_combo_A_seed42,session_2026-07-22T14-45-55.828701.json,10,767,1344,ups
baseline_C12_combo_A_seed42,session_2026-07-22T14-45-55.828701.json,11,831,1344,ups
baseline_C12_combo_A_seed42,session_2026-07-22T14-45-55.828701.json,12,895,1344,ups
baseline_C12_combo_A_seed42,session_2026-07-22T14-45-55.828701.json,13,959,1344,ups
baseline_C12_combo_A_seed42,session_2026-07-22T14-45-55.828701.json,14,1023,1344,ups
baseline_C12_combo_A_seed42,session_2026-07-22T14-45-55.828701.json,15,1087,1344,std
baseline_C12_combo_A_seed42,session_2026-07-22T14-45-55.828701.json,16,1151,1344,ups
baseline_C12_combo_A_seed42,session_2026-07-22T14-45-55.828701.json,17,1215,1344,std
baseline_C12_combo_A_seed42,session_2026-07-22T14-45-55.828701.json,18,1279,1344,std
baseline_C12_combo_A_seed42,session_2026-07-22T14-45-55.828701.json,19,1343,1344,sit
baseline_C12_combo_A_seed42,session_2026-07-22T14-47-19.853524.json,0,127,1132,ups
baseline_C12_combo_A_seed42,session_2026-07-22T14-47-19.853524.json,1,191,1132,ups
baseline_C12_combo_A_seed42,session_2026-07-22T14-47-19.853524.json,2,255,1132,wlk
baseline_C12_combo_A_seed42,session_2026-07-22T14-47-19.853524.json,3,319,1132,wlk
baseline_C12_combo_A_seed42,session_2026-07-22T14-47-19.853524.json,4,383,1132,wlk
baseline_C12_combo_A_seed42,session_2026-07-22T14-47-19.853524.json,5,447,1132,wlk
baseline_C12_combo_A_seed42,session_2026-07-22T14-47-19.853524.json,6,511,1132,wlk
baseline_C12_combo_A_seed42,session_2026-07-22T14-47-19.853524.json,7,575,1132,wlk
baseline_C12_combo_A_seed42,session_2026-07-22T14-47-19.853524.json,8,639,1132,wlk
baseline_C12_combo_A_seed42,session_2026-07-22T14-47-19.853524.json,9,703,1132,wlk
baseline_C12_combo_A_seed42,session_2026-07-22T14-47-19.853524.json,10,767,1132,wlk
baseline_C12_combo_A_seed42,session_2026-07-22T14-47-19.853524.json,11,831,1132,wlk
baseline_C12_combo_A_seed42,session_2026-07-22T14-47-19.853524.json,12,895,1132,ups
baseline_C12_combo_A_seed42,session_2026-07-22T14-47-19.853524.json,13,959,1132,ups
baseline_C12_combo_A_seed42,session_2026-07-22T14-47-19.853524.json,14,1023,1132,std
baseline_C12_combo_A_seed42,session_2026-07-22T14-47-19.853524.json,15,1087,1132,std
baseline_C12_combo_A_seed42,session_2026-07-22T14-48-38.490388.json,0,127,1533,ups
baseline_C12_combo_A_seed42,session_2026-07-22T14-48-38.490388.json,1,191,1533,ups
baseline_C12_combo_A_seed42,session_2026-07-22T14-48-38.490388.json,2,255,1533,ups
baseline_C12_combo_A_seed42,session_2026-07-22T14-48-38.490388.json,3,319,1533,ups
baseline_C12_combo_A_seed42,session_2026-07-22T14-48-38.490388.json,4,383,1533,ups
baseline_C12_combo_A_seed42,session_2026-07-22T14-48-38.490388.json,5,447,1533,ups
baseline_C12_combo_A_seed42,session_2026-07-22T14-48-38.490388.json,6,511,1533,ups
baseline_C12_combo_A_seed42,session_2026-07-22T14-48-38.490388.json,7,575,1533,ups
baseline_C12_combo_A_seed42,session_2026-07-22T14-48-38.490388.json,8,639,1533,ups
baseline_C12_combo_A_seed42,session_2026-07-22T14-48-38.490388.json,9,703,1533,ups
baseline_C12_combo_A_seed42,session_2026-07-22T14-48-38.490388.json,10,767,1533,ups
baseline_C12_combo_A_seed42,session_2026-07-22T14-48-38.490388.json,11,831,1533,ups
baseline_C12_combo_A_seed42,session_2026-07-22T14-48-38.490388.json,12,895,1533,ups
baseline_C12_combo_A_seed42,session_2026-07-22T14-48-38.490388.json,13,959,1533,ups
baseline_C12_combo_A_seed42,session_2026-07-22T14-48-38.490388.json,14,1023,1533,ups
baseline_C12_combo_A_seed42,session_2026-07-22T14-48-38.490388.json,15,1087,1533,ups
baseline_C12_combo_A_seed42,session_2026-07-22T14-48-38.490388.json,16,1151,1533,ups
baseline_C12_combo_A_seed42,session_2026-07-22T14-48-38.490388.json,17,1215,1533,ups
baseline_C12_combo_A_seed42,session_2026-07-22T14-48-38.490388.json,18,1279,1533,std
baseline_C12_combo_A_seed42,session_2026-07-22T14-48-38.490388.json,19,1343,1533,std
baseline_C12_combo_A_seed42,session_2026-07-22T14-48-38.490388.json,20,1407,1533,std
baseline_C12_combo_A_seed42,session_2026-07-22T14-48-38.490388.json,21,1471,1533,std
baseline_C12_combo_A_seed1,session_2026-06-18T18-13-27.169816.json,0,127,642,dws
baseline_C12_combo_A_seed1,session_2026-06-18T18-13-27.169816.json,1,191,642,std
baseline_C12_combo_A_seed1,session_2026-06-18T18-13-27.169816.json,2,255,642,sit
baseline_C12_combo_A_seed1,session_2026-06-18T18-13-27.169816.json,3,319,642,wlk
baseline_C12_combo_A_seed1,session_2026-06-18T18-13-27.169816.json,4,383,642,wlk
baseline_C12_combo_A_seed1,session_2026-06-18T18-13-27.169816.json,5,447,642,wlk
baseline_C12_combo_A_seed1,session_2026-06-18T18-13-27.169816.json,6,511,642,wlk
baseline_C12_combo_A_seed1,session_2026-06-18T18-13-27.169816.json,7,575,642,ups
baseline_C12_combo_A_seed1,session_2026-06-18T18-13-27.169816.json,8,639,642,ups
baseline_C12_combo_A_seed1,session_2026-06-24T17-04-30.009717.json,0,127,1596,dws
baseline_C12_combo_A_seed1,session_2026-06-24T17-04-30.009717.json,1,191,1596,std
baseline_C12_combo_A_seed1,session_2026-06-24T17-04-30.009717.json,2,255,1596,std
baseline_C12_combo_A_seed1,session_2026-06-24T17-04-30.009717.json,3,319,1596,ups
baseline_C12_combo_A_seed1,session_2026-06-24T17-04-30.009717.json,4,383,1596,ups
baseline_C12_combo_A_seed1,session_2026-06-24T17-04-30.009717.json,5,447,1596,wlk
baseline_C12_combo_A_seed1,session_2026-06-24T17-04-30.009717.json,6,511,1596,ups
baseline_C12_combo_A_seed1,session_2026-06-24T17-04-30.009717.json,7,575,1596,ups
baseline_C12_combo_A_seed1,session_2026-06-24T17-04-30.009717.json,8,639,1596,ups
baseline_C12_combo_A_seed1,session_2026-06-24T17-04-30.009717.json,9,703,1596,wlk
baseline_C12_combo_A_seed1,session_2026-06-24T17-04-30.009717.json,10,767,1596,ups
baseline_C12_combo_A_seed1,session_2026-06-24T17-04-30.009717.json,11,831,1596,ups
baseline_C12_combo_A_seed1,session_2026-06-24T17-04-30.009717.json,12,895,1596,ups
baseline_C12_combo_A_seed1,session_2026-06-24T17-04-30.009717.json,13,959,1596,ups
baseline_C12_combo_A_seed1,session_2026-06-24T17-04-30.009717.json,14,1023,1596,ups
baseline_C12_combo_A_seed1,session_2026-06-24T17-04-30.009717.json,15,1087,1596,ups
baseline_C12_combo_A_seed1,session_2026-06-24T17-04-30.009717.json,16,1151,1596,ups
baseline_C12_combo_A_seed1,session_2026-06-24T17-04-30.009717.json,17,1215,1596,ups
baseline_C12_combo_A_seed1,session_2026-06-24T17-04-30.009717.json,18,1279,1596,ups
baseline_C12_combo_A_seed1,session_2026-06-24T17-04-30.009717.json,19,1343,1596,wlk
baseline_C12_combo_A_seed1,session_2026-06-24T17-04-30.009717.json,20,1407,1596,wlk
baseline_C12_combo_A_seed1,session_2026-06-24T17-04-30.009717.json,21,1471,1596,wlk
baseline_C12_combo_A_seed1,session_2026-06-24T17-04-30.009717.json,22,1535,1596,sit
baseline_C12_combo_A_seed1,session_2026-06-24T17-21-43.893895.json,0,127,1009,sit
baseline_C12_combo_A_seed1,session_2026-06-24T17-21-43.893895.json,1,191,1009,sit
baseline_C12_combo_A_seed1,session_2026-06-24T17-21-43.893895.json,2,255,1009,sit
baseline_C12_combo_A_seed1,session_2026-06-24T17-21-43.893895.json,3,319,1009,ups
baseline_C12_combo_A_seed1,session_2026-06-24T17-21-43.893895.json,4,383,1009,ups
baseline_C12_combo_A_seed1,session_2026-06-24T17-21-43.893895.json,5,447,1009,ups
baseline_C12_combo_A_seed1,session_2026-06-24T17-21-43.893895.json,6,511,1009,ups
baseline_C12_combo_A_seed1,session_2026-06-24T17-21-43.893895.json,7,575,1009,ups
baseline_C12_combo_A_seed1,session_2026-06-24T17-21-43.893895.json,8,639,1009,ups
baseline_C12_combo_A_seed1,session_2026-06-24T17-21-43.893895.json,9,703,1009,wlk
baseline_C12_combo_A_seed1,session_2026-06-24T17-21-43.893895.json,10,767,1009,wlk
baseline_C12_combo_A_seed1,session_2026-06-24T17-21-43.893895.json,11,831,1009,wlk
baseline_C12_combo_A_seed1,session_2026-06-24T17-21-43.893895.json,12,895,1009,std
baseline_C12_combo_A_seed1,session_2026-06-24T17-21-43.893895.json,13,959,1009,ups
baseline_C12_combo_A_seed1,session_2026-06-24T17-24-13.644396.json,0,127,2534,dws
baseline_C12_combo_A_seed1,session_2026-06-24T17-24-13.644396.json,1,191,2534,sit
baseline_C12_combo_A_seed1,session_2026-06-24T17-24-13.644396.json,2,255,2534,wlk
baseline_C12_combo_A_seed1,session_2026-06-24T17-24-13.644396.json,3,319,2534,ups
baseline_C12_combo_A_seed1,session_2026-06-24T17-24-13.644396.json,4,383,2534,wlk
baseline_C12_combo_A_seed1,session_2026-06-24T17-24-13.644396.json,5,447,2534,wlk
baseline_C12_combo_A_seed1,session_2026-06-24T17-24-13.644396.json,6,511,2534,wlk
baseline_C12_combo_A_seed1,session_2026-06-24T17-24-13.644396.json,7,575,2534,wlk
baseline_C12_combo_A_seed1,session_2026-06-24T17-24-13.644396.json,8,639,2534,wlk
baseline_C12_combo_A_seed1,session_2026-06-24T17-24-13.644396.json,9,703,2534,wlk
baseline_C12_combo_A_seed1,session_2026-06-24T17-24-13.644396.json,10,767,2534,wlk
baseline_C12_combo_A_seed1,session_2026-06-24T17-24-13.644396.json,11,831,2534,wlk
baseline_C12_combo_A_seed1,session_2026-06-24T17-24-13.644396.json,12,895,2534,wlk
baseline_C12_combo_A_seed1,session_2026-06-24T17-24-13.644396.json,13,959,2534,wlk
baseline_C12_combo_A_seed1,session_2026-06-24T17-24-13.644396.json,14,1023,2534,wlk
baseline_C12_combo_A_seed1,session_2026-06-24T17-24-13.644396.json,15,1087,2534,wlk
baseline_C12_combo_A_seed1,session_2026-06-24T17-24-13.644396.json,16,1151,2534,wlk
baseline_C12_combo_A_seed1,session_2026-06-24T17-24-13.644396.json,17,1215,2534,wlk
baseline_C12_combo_A_seed1,session_2026-06-24T17-24-13.644396.json,18,1279,2534,wlk
baseline_C12_combo_A_seed1,session_2026-06-24T17-24-13.644396.json,19,1343,2534,ups
baseline_C12_combo_A_seed1,session_2026-06-24T17-24-13.644396.json,20,1407,2534,ups
baseline_C12_combo_A_seed1,session_2026-06-24T17-24-13.644396.json,21,1471,2534,wlk
baseline_C12_combo_A_seed1,session_2026-06-24T17-24-13.644396.json,22,1535,2534,wlk
baseline_C12_combo_A_seed1,session_2026-06-24T17-24-13.644396.json,23,1599,2534,wlk
baseline_C12_combo_A_seed1,session_2026-06-24T17-24-13.644396.json,24,1663,2534,ups
baseline_C12_combo_A_seed1,session_2026-06-24T17-24-13.644396.json,25,1727,2534,ups
baseline_C12_combo_A_seed1,session_2026-06-24T17-24-13.644396.json,26,1791,2534,ups
baseline_C12_combo_A_seed1,session_2026-06-24T17-24-13.644396.json,27,1855,2534,ups
baseline_C12_combo_A_seed1,session_2026-06-24T17-24-13.644396.json,28,1919,2534,ups
baseline_C12_combo_A_seed1,session_2026-06-24T17-24-13.644396.json,29,1983,2534,ups
baseline_C12_combo_A_seed1,session_2026-06-24T17-24-13.644396.json,30,2047,2534,ups
baseline_C12_combo_A_seed1,session_2026-06-24T17-24-13.644396.json,31,2111,2534,ups
baseline_C12_combo_A_seed1,session_2026-06-24T17-24-13.644396.json,32,2175,2534,ups
baseline_C12_combo_A_seed1,session_2026-06-24T17-24-13.644396.json,33,2239,2534,wlk
baseline_C12_combo_A_seed1,session_2026-06-24T17-24-13.644396.json,34,2303,2534,wlk
baseline_C12_combo_A_seed1,session_2026-06-24T17-24-13.644396.json,35,2367,2534,wlk
baseline_C12_combo_A_seed1,session_2026-06-24T17-24-13.644396.json,36,2431,2534,sit
baseline_C12_combo_A_seed1,session_2026-06-24T17-24-13.644396.json,37,2495,2534,sit
baseline_C12_combo_A_seed1,session_2026-06-24T17-25-30.213239.json,0,127,2613,dws
baseline_C12_combo_A_seed1,session_2026-06-24T17-25-30.213239.json,1,191,2613,sit
baseline_C12_combo_A_seed1,session_2026-06-24T17-25-30.213239.json,2,255,2613,std
baseline_C12_combo_A_seed1,session_2026-06-24T17-25-30.213239.json,3,319,2613,ups
baseline_C12_combo_A_seed1,session_2026-06-24T17-25-30.213239.json,4,383,2613,wlk
baseline_C12_combo_A_seed1,session_2026-06-24T17-25-30.213239.json,5,447,2613,wlk
baseline_C12_combo_A_seed1,session_2026-06-24T17-25-30.213239.json,6,511,2613,wlk
baseline_C12_combo_A_seed1,session_2026-06-24T17-25-30.213239.json,7,575,2613,wlk
baseline_C12_combo_A_seed1,session_2026-06-24T17-25-30.213239.json,8,639,2613,wlk
baseline_C12_combo_A_seed1,session_2026-06-24T17-25-30.213239.json,9,703,2613,ups
baseline_C12_combo_A_seed1,session_2026-06-24T17-25-30.213239.json,10,767,2613,ups
baseline_C12_combo_A_seed1,session_2026-06-24T17-25-30.213239.json,11,831,2613,ups
baseline_C12_combo_A_seed1,session_2026-06-24T17-25-30.213239.json,12,895,2613,ups
baseline_C12_combo_A_seed1,session_2026-06-24T17-25-30.213239.json,13,959,2613,ups
baseline_C12_combo_A_seed1,session_2026-06-24T17-25-30.213239.json,14,1023,2613,ups
baseline_C12_combo_A_seed1,session_2026-06-24T17-25-30.213239.json,15,1087,2613,ups
baseline_C12_combo_A_seed1,session_2026-06-24T17-25-30.213239.json,16,1151,2613,ups
baseline_C12_combo_A_seed1,session_2026-06-24T17-25-30.213239.json,17,1215,2613,wlk
baseline_C12_combo_A_seed1,session_2026-06-24T17-25-30.213239.json,18,1279,2613,wlk
baseline_C12_combo_A_seed1,session_2026-06-24T17-25-30.213239.json,19,1343,2613,wlk
baseline_C12_combo_A_seed1,session_2026-06-24T17-25-30.213239.json,20,1407,2613,ups
baseline_C12_combo_A_seed1,session_2026-06-24T17-25-30.213239.json,21,1471,2613,wlk
baseline_C12_combo_A_seed1,session_2026-06-24T17-25-30.213239.json,22,1535,2613,ups
baseline_C12_combo_A_seed1,session_2026-06-24T17-25-30.213239.json,23,1599,2613,wlk
baseline_C12_combo_A_seed1,session_2026-06-24T17-25-30.213239.json,24,1663,2613,wlk
baseline_C12_combo_A_seed1,session_2026-06-24T17-25-30.213239.json,25,1727,2613,ups
baseline_C12_combo_A_seed1,session_2026-06-24T17-25-30.213239.json,26,1791,2613,ups
baseline_C12_combo_A_seed1,session_2026-06-24T17-25-30.213239.json,27,1855,2613,ups
baseline_C12_combo_A_seed1,session_2026-06-24T17-25-30.213239.json,28,1919,2613,ups
baseline_C12_combo_A_seed1,session_2026-06-24T17-25-30.213239.json,29,1983,2613,ups
baseline_C12_combo_A_seed1,session_2026-06-24T17-25-30.213239.json,30,2047,2613,wlk
baseline_C12_combo_A_seed1,session_2026-06-24T17-25-30.213239.json,31,2111,2613,ups
baseline_C12_combo_A_seed1,session_2026-06-24T17-25-30.213239.json,32,2175,2613,ups
baseline_C12_combo_A_seed1,session_2026-06-24T17-25-30.213239.json,33,2239,2613,ups
baseline_C12_combo_A_seed1,session_2026-06-24T17-25-30.213239.json,34,2303,2613,ups
baseline_C12_combo_A_seed1,session_2026-06-24T17-25-30.213239.json,35,2367,2613,ups
baseline_C12_combo_A_seed1,session_2026-06-24T17-25-30.213239.json,36,2431,2613,wlk
baseline_C12_combo_A_seed1,session_2026-06-24T17-25-30.213239.json,37,2495,2613,wlk
baseline_C12_combo_A_seed1,session_2026-06-24T17-25-30.213239.json,38,2559,2613,std
baseline_C12_combo_A_seed1,session_2026-06-27T19-25-21.678232.json,0,127,919,std
baseline_C12_combo_A_seed1,session_2026-06-27T19-25-21.678232.json,1,191,919,dws
baseline_C12_combo_A_seed1,session_2026-06-27T19-25-21.678232.json,2,255,919,ups
baseline_C12_combo_A_seed1,session_2026-06-27T19-25-21.678232.json,3,319,919,sit
baseline_C12_combo_A_seed1,session_2026-06-27T19-25-21.678232.json,4,383,919,sit
baseline_C12_combo_A_seed1,session_2026-06-27T19-25-21.678232.json,5,447,919,wlk
baseline_C12_combo_A_seed1,session_2026-06-27T19-25-21.678232.json,6,511,919,wlk
baseline_C12_combo_A_seed1,session_2026-06-27T19-25-21.678232.json,7,575,919,wlk
baseline_C12_combo_A_seed1,session_2026-06-27T19-25-21.678232.json,8,639,919,wlk
baseline_C12_combo_A_seed1,session_2026-06-27T19-25-21.678232.json,9,703,919,wlk
baseline_C12_combo_A_seed1,session_2026-06-27T19-25-21.678232.json,10,767,919,std
baseline_C12_combo_A_seed1,session_2026-06-27T19-25-21.678232.json,11,831,919,ups
baseline_C12_combo_A_seed1,session_2026-06-27T19-25-21.678232.json,12,895,919,std
baseline_C12_combo_A_seed1,session_2026-06-27T19-46-36.461282.json,0,127,1801,sit
baseline_C12_combo_A_seed1,session_2026-06-27T19-46-36.461282.json,1,191,1801,std
baseline_C12_combo_A_seed1,session_2026-06-27T19-46-36.461282.json,2,255,1801,std
baseline_C12_combo_A_seed1,session_2026-06-27T19-46-36.461282.json,3,319,1801,wlk
baseline_C12_combo_A_seed1,session_2026-06-27T19-46-36.461282.json,4,383,1801,wlk
baseline_C12_combo_A_seed1,session_2026-06-27T19-46-36.461282.json,5,447,1801,wlk
baseline_C12_combo_A_seed1,session_2026-06-27T19-46-36.461282.json,6,511,1801,wlk
baseline_C12_combo_A_seed1,session_2026-06-27T19-46-36.461282.json,7,575,1801,wlk
baseline_C12_combo_A_seed1,session_2026-06-27T19-46-36.461282.json,8,639,1801,wlk
baseline_C12_combo_A_seed1,session_2026-06-27T19-46-36.461282.json,9,703,1801,wlk
baseline_C12_combo_A_seed1,session_2026-06-27T19-46-36.461282.json,10,767,1801,wlk
baseline_C12_combo_A_seed1,session_2026-06-27T19-46-36.461282.json,11,831,1801,wlk
baseline_C12_combo_A_seed1,session_2026-06-27T19-46-36.461282.json,12,895,1801,std
baseline_C12_combo_A_seed1,session_2026-06-27T19-46-36.461282.json,13,959,1801,std
baseline_C12_combo_A_seed1,session_2026-06-27T19-46-36.461282.json,14,1023,1801,std
baseline_C12_combo_A_seed1,session_2026-06-27T19-46-36.461282.json,15,1087,1801,wlk
baseline_C12_combo_A_seed1,session_2026-06-27T19-46-36.461282.json,16,1151,1801,wlk
baseline_C12_combo_A_seed1,session_2026-06-27T19-46-36.461282.json,17,1215,1801,wlk
baseline_C12_combo_A_seed1,session_2026-06-27T19-46-36.461282.json,18,1279,1801,wlk
baseline_C12_combo_A_seed1,session_2026-06-27T19-46-36.461282.json,19,1343,1801,dws
baseline_C12_combo_A_seed1,session_2026-06-27T19-46-36.461282.json,20,1407,1801,wlk
baseline_C12_combo_A_seed1,session_2026-06-27T19-46-36.461282.json,21,1471,1801,wlk
baseline_C12_combo_A_seed1,session_2026-06-27T19-46-36.461282.json,22,1535,1801,wlk
baseline_C12_combo_A_seed1,session_2026-06-27T19-46-36.461282.json,23,1599,1801,wlk
baseline_C12_combo_A_seed1,session_2026-06-27T19-46-36.461282.json,24,1663,1801,std
baseline_C12_combo_A_seed1,session_2026-06-27T19-46-36.461282.json,25,1727,1801,std
baseline_C12_combo_A_seed1,session_2026-06-27T19-46-36.461282.json,26,1791,1801,std
baseline_C12_combo_A_seed1,session_2026-06-30T08-17-07.003351.json,0,127,5637,dws
baseline_C12_combo_A_seed1,session_2026-06-30T08-17-07.003351.json,1,191,5637,dws
baseline_C12_combo_A_seed1,session_2026-06-30T08-17-07.003351.json,2,255,5637,wlk
baseline_C12_combo_A_seed1,session_2026-06-30T08-17-07.003351.json,3,319,5637,wlk
baseline_C12_combo_A_seed1,session_2026-06-30T08-17-07.003351.json,4,383,5637,wlk
baseline_C12_combo_A_seed1,session_2026-06-30T08-17-07.003351.json,5,447,5637,wlk
baseline_C12_combo_A_seed1,session_2026-06-30T08-17-07.003351.json,6,511,5637,wlk
baseline_C12_combo_A_seed1,session_2026-06-30T08-17-07.003351.json,7,575,5637,wlk
baseline_C12_combo_A_seed1,session_2026-06-30T08-17-07.003351.json,8,639,5637,wlk
baseline_C12_combo_A_seed1,session_2026-06-30T08-17-07.003351.json,9,703,5637,wlk
baseline_C12_combo_A_seed1,session_2026-06-30T08-17-07.003351.json,10,767,5637,wlk
baseline_C12_combo_A_seed1,session_2026-06-30T08-17-07.003351.json,11,831,5637,wlk
baseline_C12_combo_A_seed1,session_2026-06-30T08-17-07.003351.json,12,895,5637,wlk
baseline_C12_combo_A_seed1,session_2026-06-30T08-17-07.003351.json,13,959,5637,wlk
baseline_C12_combo_A_seed1,session_2026-06-30T08-17-07.003351.json,14,1023,5637,wlk
baseline_C12_combo_A_seed1,session_2026-06-30T08-17-07.003351.json,15,1087,5637,wlk
baseline_C12_combo_A_seed1,session_2026-06-30T08-17-07.003351.json,16,1151,5637,wlk
baseline_C12_combo_A_seed1,session_2026-06-30T08-17-07.003351.json,17,1215,5637,wlk
baseline_C12_combo_A_seed1,session_2026-06-30T08-17-07.003351.json,18,1279,5637,wlk
baseline_C12_combo_A_seed1,session_2026-06-30T08-17-07.003351.json,19,1343,5637,wlk
baseline_C12_combo_A_seed1,session_2026-06-30T08-17-07.003351.json,20,1407,5637,wlk
baseline_C12_combo_A_seed1,session_2026-06-30T08-17-07.003351.json,21,1471,5637,wlk
baseline_C12_combo_A_seed1,session_2026-06-30T08-17-07.003351.json,22,1535,5637,wlk
baseline_C12_combo_A_seed1,session_2026-06-30T08-17-07.003351.json,23,1599,5637,wlk
baseline_C12_combo_A_seed1,session_2026-06-30T08-17-07.003351.json,24,1663,5637,wlk
baseline_C12_combo_A_seed1,session_2026-06-30T08-17-07.003351.json,25,1727,5637,wlk
baseline_C12_combo_A_seed1,session_2026-06-30T08-17-07.003351.json,26,1791,5637,wlk
baseline_C12_combo_A_seed1,session_2026-06-30T08-17-07.003351.json,27,1855,5637,wlk
baseline_C12_combo_A_seed1,session_2026-06-30T08-17-07.003351.json,28,1919,5637,wlk
baseline_C12_combo_A_seed1,session_2026-06-30T08-17-07.003351.json,29,1983,5637,wlk
baseline_C12_combo_A_seed1,session_2026-06-30T08-17-07.003351.json,30,2047,5637,wlk
baseline_C12_combo_A_seed1,session_2026-06-30T08-17-07.003351.json,31,2111,5637,wlk
baseline_C12_combo_A_seed1,session_2026-06-30T08-17-07.003351.json,32,2175,5637,wlk
baseline_C12_combo_A_seed1,session_2026-06-30T08-17-07.003351.json,33,2239,5637,wlk
baseline_C12_combo_A_seed1,session_2026-06-30T08-17-07.003351.json,34,2303,5637,wlk
baseline_C12_combo_A_seed1,session_2026-06-30T08-17-07.003351.json,35,2367,5637,wlk
baseline_C12_combo_A_seed1,session_2026-06-30T08-17-07.003351.json,36,2431,5637,wlk
baseline_C12_combo_A_seed1,session_2026-06-30T08-17-07.003351.json,37,2495,5637,wlk
baseline_C12_combo_A_seed1,session_2026-06-30T08-17-07.003351.json,38,2559,5637,wlk
baseline_C12_combo_A_seed1,session_2026-06-30T08-17-07.003351.json,39,2623,5637,wlk
baseline_C12_combo_A_seed1,session_2026-06-30T08-17-07.003351.json,40,2687,5637,wlk
baseline_C12_combo_A_seed1,session_2026-06-30T08-17-07.003351.json,41,2751,5637,wlk
baseline_C12_combo_A_seed1,session_2026-06-30T08-17-07.003351.json,42,2815,5637,wlk
baseline_C12_combo_A_seed1,session_2026-06-30T08-17-07.003351.json,43,2879,5637,wlk
baseline_C12_combo_A_seed1,session_2026-06-30T08-17-07.003351.json,44,2943,5637,wlk
baseline_C12_combo_A_seed1,session_2026-06-30T08-17-07.003351.json,45,3007,5637,wlk
baseline_C12_combo_A_seed1,session_2026-06-30T08-17-07.003351.json,46,3071,5637,wlk
baseline_C12_combo_A_seed1,session_2026-06-30T08-17-07.003351.json,47,3135,5637,wlk
baseline_C12_combo_A_seed1,session_2026-06-30T08-17-07.003351.json,48,3199,5637,wlk
baseline_C12_combo_A_seed1,session_2026-06-30T08-17-07.003351.json,49,3263,5637,wlk
baseline_C12_combo_A_seed1,session_2026-06-30T08-17-07.003351.json,50,3327,5637,wlk
baseline_C12_combo_A_seed1,session_2026-06-30T08-17-07.003351.json,51,3391,5637,wlk
baseline_C12_combo_A_seed1,session_2026-06-30T08-17-07.003351.json,52,3455,5637,wlk
baseline_C12_combo_A_seed1,session_2026-06-30T08-17-07.003351.json,53,3519,5637,wlk
baseline_C12_combo_A_seed1,session_2026-06-30T08-17-07.003351.json,54,3583,5637,wlk
baseline_C12_combo_A_seed1,session_2026-06-30T08-17-07.003351.json,55,3647,5637,wlk
baseline_C12_combo_A_seed1,session_2026-06-30T08-17-07.003351.json,56,3711,5637,wlk
baseline_C12_combo_A_seed1,session_2026-06-30T08-17-07.003351.json,57,3775,5637,wlk
baseline_C12_combo_A_seed1,session_2026-06-30T08-17-07.003351.json,58,3839,5637,wlk
baseline_C12_combo_A_seed1,session_2026-06-30T08-17-07.003351.json,59,3903,5637,wlk
baseline_C12_combo_A_seed1,session_2026-06-30T08-17-07.003351.json,60,3967,5637,wlk
baseline_C12_combo_A_seed1,session_2026-06-30T08-17-07.003351.json,61,4031,5637,wlk
baseline_C12_combo_A_seed1,session_2026-06-30T08-17-07.003351.json,62,4095,5637,wlk
baseline_C12_combo_A_seed1,session_2026-06-30T08-17-07.003351.json,63,4159,5637,wlk
baseline_C12_combo_A_seed1,session_2026-06-30T08-17-07.003351.json,64,4223,5637,wlk
baseline_C12_combo_A_seed1,session_2026-06-30T08-17-07.003351.json,65,4287,5637,wlk
baseline_C12_combo_A_seed1,session_2026-06-30T08-17-07.003351.json,66,4351,5637,wlk
baseline_C12_combo_A_seed1,session_2026-06-30T08-17-07.003351.json,67,4415,5637,wlk
baseline_C12_combo_A_seed1,session_2026-06-30T08-17-07.003351.json,68,4479,5637,wlk
baseline_C12_combo_A_seed1,session_2026-06-30T08-17-07.003351.json,69,4543,5637,wlk
baseline_C12_combo_A_seed1,session_2026-06-30T08-17-07.003351.json,70,4607,5637,wlk
baseline_C12_combo_A_seed1,session_2026-06-30T08-17-07.003351.json,71,4671,5637,wlk
baseline_C12_combo_A_seed1,session_2026-06-30T08-17-07.003351.json,72,4735,5637,wlk
baseline_C12_combo_A_seed1,session_2026-06-30T08-17-07.003351.json,73,4799,5637,wlk
baseline_C12_combo_A_seed1,session_2026-06-30T08-17-07.003351.json,74,4863,5637,wlk
baseline_C12_combo_A_seed1,session_2026-06-30T08-17-07.003351.json,75,4927,5637,wlk
baseline_C12_combo_A_seed1,session_2026-06-30T08-17-07.003351.json,76,4991,5637,wlk
baseline_C12_combo_A_seed1,session_2026-06-30T08-17-07.003351.json,77,5055,5637,wlk
baseline_C12_combo_A_seed1,session_2026-06-30T08-17-07.003351.json,78,5119,5637,wlk
baseline_C12_combo_A_seed1,session_2026-06-30T08-17-07.003351.json,79,5183,5637,wlk
baseline_C12_combo_A_seed1,session_2026-06-30T08-17-07.003351.json,80,5247,5637,wlk
baseline_C12_combo_A_seed1,session_2026-06-30T08-17-07.003351.json,81,5311,5637,wlk
baseline_C12_combo_A_seed1,session_2026-06-30T08-17-07.003351.json,82,5375,5637,wlk
baseline_C12_combo_A_seed1,session_2026-06-30T08-17-07.003351.json,83,5439,5637,wlk
baseline_C12_combo_A_seed1,session_2026-06-30T08-17-07.003351.json,84,5503,5637,ups
baseline_C12_combo_A_seed1,session_2026-06-30T08-17-07.003351.json,85,5567,5637,sit
baseline_C12_combo_A_seed1,session_2026-06-30T08-17-07.003351.json,86,5631,5637,std
baseline_C12_combo_A_seed1,session_2026-07-17T12-37-55.776619.json,0,127,4468,ups
baseline_C12_combo_A_seed1,session_2026-07-17T12-37-55.776619.json,1,191,4468,ups
baseline_C12_combo_A_seed1,session_2026-07-17T12-37-55.776619.json,2,255,4468,wlk
baseline_C12_combo_A_seed1,session_2026-07-17T12-37-55.776619.json,3,319,4468,wlk
baseline_C12_combo_A_seed1,session_2026-07-17T12-37-55.776619.json,4,383,4468,wlk
baseline_C12_combo_A_seed1,session_2026-07-17T12-37-55.776619.json,5,447,4468,wlk
baseline_C12_combo_A_seed1,session_2026-07-17T12-37-55.776619.json,6,511,4468,ups
baseline_C12_combo_A_seed1,session_2026-07-17T12-37-55.776619.json,7,575,4468,ups
baseline_C12_combo_A_seed1,session_2026-07-17T12-37-55.776619.json,8,639,4468,wlk
baseline_C12_combo_A_seed1,session_2026-07-17T12-37-55.776619.json,9,703,4468,wlk
baseline_C12_combo_A_seed1,session_2026-07-17T12-37-55.776619.json,10,767,4468,wlk
baseline_C12_combo_A_seed1,session_2026-07-17T12-37-55.776619.json,11,831,4468,wlk
baseline_C12_combo_A_seed1,session_2026-07-17T12-37-55.776619.json,12,895,4468,ups
baseline_C12_combo_A_seed1,session_2026-07-17T12-37-55.776619.json,13,959,4468,wlk
baseline_C12_combo_A_seed1,session_2026-07-17T12-37-55.776619.json,14,1023,4468,ups
baseline_C12_combo_A_seed1,session_2026-07-17T12-37-55.776619.json,15,1087,4468,wlk
baseline_C12_combo_A_seed1,session_2026-07-17T12-37-55.776619.json,16,1151,4468,wlk
baseline_C12_combo_A_seed1,session_2026-07-17T12-37-55.776619.json,17,1215,4468,wlk
baseline_C12_combo_A_seed1,session_2026-07-17T12-37-55.776619.json,18,1279,4468,wlk
baseline_C12_combo_A_seed1,session_2026-07-17T12-37-55.776619.json,19,1343,4468,wlk
baseline_C12_combo_A_seed1,session_2026-07-17T12-37-55.776619.json,20,1407,4468,wlk
baseline_C12_combo_A_seed1,session_2026-07-17T12-37-55.776619.json,21,1471,4468,ups
baseline_C12_combo_A_seed1,session_2026-07-17T12-37-55.776619.json,22,1535,4468,ups
baseline_C12_combo_A_seed1,session_2026-07-17T12-37-55.776619.json,23,1599,4468,ups
baseline_C12_combo_A_seed1,session_2026-07-17T12-37-55.776619.json,24,1663,4468,ups
baseline_C12_combo_A_seed1,session_2026-07-17T12-37-55.776619.json,25,1727,4468,ups
baseline_C12_combo_A_seed1,session_2026-07-17T12-37-55.776619.json,26,1791,4468,ups
baseline_C12_combo_A_seed1,session_2026-07-17T12-37-55.776619.json,27,1855,4468,ups
baseline_C12_combo_A_seed1,session_2026-07-17T12-37-55.776619.json,28,1919,4468,ups
baseline_C12_combo_A_seed1,session_2026-07-17T12-37-55.776619.json,29,1983,4468,ups
baseline_C12_combo_A_seed1,session_2026-07-17T12-37-55.776619.json,30,2047,4468,wlk
baseline_C12_combo_A_seed1,session_2026-07-17T12-37-55.776619.json,31,2111,4468,wlk
baseline_C12_combo_A_seed1,session_2026-07-17T12-37-55.776619.json,32,2175,4468,wlk
baseline_C12_combo_A_seed1,session_2026-07-17T12-37-55.776619.json,33,2239,4468,wlk
baseline_C12_combo_A_seed1,session_2026-07-17T12-37-55.776619.json,34,2303,4468,wlk
baseline_C12_combo_A_seed1,session_2026-07-17T12-37-55.776619.json,35,2367,4468,wlk
baseline_C12_combo_A_seed1,session_2026-07-17T12-37-55.776619.json,36,2431,4468,wlk
baseline_C12_combo_A_seed1,session_2026-07-17T12-37-55.776619.json,37,2495,4468,wlk
baseline_C12_combo_A_seed1,session_2026-07-17T12-37-55.776619.json,38,2559,4468,ups
baseline_C12_combo_A_seed1,session_2026-07-17T12-37-55.776619.json,39,2623,4468,ups
baseline_C12_combo_A_seed1,session_2026-07-17T12-37-55.776619.json,40,2687,4468,wlk
baseline_C12_combo_A_seed1,session_2026-07-17T12-37-55.776619.json,41,2751,4468,ups
baseline_C12_combo_A_seed1,session_2026-07-17T12-37-55.776619.json,42,2815,4468,wlk
baseline_C12_combo_A_seed1,session_2026-07-17T12-37-55.776619.json,43,2879,4468,wlk
baseline_C12_combo_A_seed1,session_2026-07-17T12-37-55.776619.json,44,2943,4468,wlk
baseline_C12_combo_A_seed1,session_2026-07-17T12-37-55.776619.json,45,3007,4468,ups
baseline_C12_combo_A_seed1,session_2026-07-17T12-37-55.776619.json,46,3071,4468,wlk
baseline_C12_combo_A_seed1,session_2026-07-17T12-37-55.776619.json,47,3135,4468,wlk
baseline_C12_combo_A_seed1,session_2026-07-17T12-37-55.776619.json,48,3199,4468,ups
baseline_C12_combo_A_seed1,session_2026-07-17T12-37-55.776619.json,49,3263,4468,wlk
baseline_C12_combo_A_seed1,session_2026-07-17T12-37-55.776619.json,50,3327,4468,wlk
baseline_C12_combo_A_seed1,session_2026-07-17T12-37-55.776619.json,51,3391,4468,wlk
baseline_C12_combo_A_seed1,session_2026-07-17T12-37-55.776619.json,52,3455,4468,wlk
baseline_C12_combo_A_seed1,session_2026-07-17T12-37-55.776619.json,53,3519,4468,wlk
baseline_C12_combo_A_seed1,session_2026-07-17T12-37-55.776619.json,54,3583,4468,wlk
baseline_C12_combo_A_seed1,session_2026-07-17T12-37-55.776619.json,55,3647,4468,ups
baseline_C12_combo_A_seed1,session_2026-07-17T12-37-55.776619.json,56,3711,4468,wlk
baseline_C12_combo_A_seed1,session_2026-07-17T12-37-55.776619.json,57,3775,4468,ups
baseline_C12_combo_A_seed1,session_2026-07-17T12-37-55.776619.json,58,3839,4468,ups
baseline_C12_combo_A_seed1,session_2026-07-17T12-37-55.776619.json,59,3903,4468,ups
baseline_C12_combo_A_seed1,session_2026-07-17T12-37-55.776619.json,60,3967,4468,ups
baseline_C12_combo_A_seed1,session_2026-07-17T12-37-55.776619.json,61,4031,4468,ups
baseline_C12_combo_A_seed1,session_2026-07-17T12-37-55.776619.json,62,4095,4468,ups
baseline_C12_combo_A_seed1,session_2026-07-17T12-37-55.776619.json,63,4159,4468,ups
baseline_C12_combo_A_seed1,session_2026-07-17T12-37-55.776619.json,64,4223,4468,ups
baseline_C12_combo_A_seed1,session_2026-07-17T12-37-55.776619.json,65,4287,4468,ups
baseline_C12_combo_A_seed1,session_2026-07-17T12-37-55.776619.json,66,4351,4468,std
baseline_C12_combo_A_seed1,session_2026-07-17T12-37-55.776619.json,67,4415,4468,std
baseline_C12_combo_A_seed1,session_2026-07-17T12-40-55.813790.json,0,127,4665,wlk
baseline_C12_combo_A_seed1,session_2026-07-17T12-40-55.813790.json,1,191,4665,wlk
baseline_C12_combo_A_seed1,session_2026-07-17T12-40-55.813790.json,2,255,4665,ups
baseline_C12_combo_A_seed1,session_2026-07-17T12-40-55.813790.json,3,319,4665,wlk
baseline_C12_combo_A_seed1,session_2026-07-17T12-40-55.813790.json,4,383,4665,wlk
baseline_C12_combo_A_seed1,session_2026-07-17T12-40-55.813790.json,5,447,4665,wlk
baseline_C12_combo_A_seed1,session_2026-07-17T12-40-55.813790.json,6,511,4665,wlk
baseline_C12_combo_A_seed1,session_2026-07-17T12-40-55.813790.json,7,575,4665,ups
baseline_C12_combo_A_seed1,session_2026-07-17T12-40-55.813790.json,8,639,4665,ups
baseline_C12_combo_A_seed1,session_2026-07-17T12-40-55.813790.json,9,703,4665,wlk
baseline_C12_combo_A_seed1,session_2026-07-17T12-40-55.813790.json,10,767,4665,wlk
baseline_C12_combo_A_seed1,session_2026-07-17T12-40-55.813790.json,11,831,4665,ups
baseline_C12_combo_A_seed1,session_2026-07-17T12-40-55.813790.json,12,895,4665,wlk
baseline_C12_combo_A_seed1,session_2026-07-17T12-40-55.813790.json,13,959,4665,wlk
baseline_C12_combo_A_seed1,session_2026-07-17T12-40-55.813790.json,14,1023,4665,wlk
baseline_C12_combo_A_seed1,session_2026-07-17T12-40-55.813790.json,15,1087,4665,ups
baseline_C12_combo_A_seed1,session_2026-07-17T12-40-55.813790.json,16,1151,4665,ups
baseline_C12_combo_A_seed1,session_2026-07-17T12-40-55.813790.json,17,1215,4665,wlk
baseline_C12_combo_A_seed1,session_2026-07-17T12-40-55.813790.json,18,1279,4665,wlk
baseline_C12_combo_A_seed1,session_2026-07-17T12-40-55.813790.json,19,1343,4665,wlk
baseline_C12_combo_A_seed1,session_2026-07-17T12-40-55.813790.json,20,1407,4665,ups
baseline_C12_combo_A_seed1,session_2026-07-17T12-40-55.813790.json,21,1471,4665,wlk
baseline_C12_combo_A_seed1,session_2026-07-17T12-40-55.813790.json,22,1535,4665,wlk
baseline_C12_combo_A_seed1,session_2026-07-17T12-40-55.813790.json,23,1599,4665,wlk
baseline_C12_combo_A_seed1,session_2026-07-17T12-40-55.813790.json,24,1663,4665,wlk
baseline_C12_combo_A_seed1,session_2026-07-17T12-40-55.813790.json,25,1727,4665,ups
baseline_C12_combo_A_seed1,session_2026-07-17T12-40-55.813790.json,26,1791,4665,ups
baseline_C12_combo_A_seed1,session_2026-07-17T12-40-55.813790.json,27,1855,4665,wlk
baseline_C12_combo_A_seed1,session_2026-07-17T12-40-55.813790.json,28,1919,4665,ups
baseline_C12_combo_A_seed1,session_2026-07-17T12-40-55.813790.json,29,1983,4665,wlk
baseline_C12_combo_A_seed1,session_2026-07-17T12-40-55.813790.json,30,2047,4665,ups
baseline_C12_combo_A_seed1,session_2026-07-17T12-40-55.813790.json,31,2111,4665,ups
baseline_C12_combo_A_seed1,session_2026-07-17T12-40-55.813790.json,32,2175,4665,ups
baseline_C12_combo_A_seed1,session_2026-07-17T12-40-55.813790.json,33,2239,4665,ups
baseline_C12_combo_A_seed1,session_2026-07-17T12-40-55.813790.json,34,2303,4665,ups
baseline_C12_combo_A_seed1,session_2026-07-17T12-40-55.813790.json,35,2367,4665,ups
baseline_C12_combo_A_seed1,session_2026-07-17T12-40-55.813790.json,36,2431,4665,ups
baseline_C12_combo_A_seed1,session_2026-07-17T12-40-55.813790.json,37,2495,4665,wlk
baseline_C12_combo_A_seed1,session_2026-07-17T12-40-55.813790.json,38,2559,4665,wlk
baseline_C12_combo_A_seed1,session_2026-07-17T12-40-55.813790.json,39,2623,4665,ups
baseline_C12_combo_A_seed1,session_2026-07-17T12-40-55.813790.json,40,2687,4665,ups
baseline_C12_combo_A_seed1,session_2026-07-17T12-40-55.813790.json,41,2751,4665,ups
baseline_C12_combo_A_seed1,session_2026-07-17T12-40-55.813790.json,42,2815,4665,wlk
baseline_C12_combo_A_seed1,session_2026-07-17T12-40-55.813790.json,43,2879,4665,ups
baseline_C12_combo_A_seed1,session_2026-07-17T12-40-55.813790.json,44,2943,4665,ups
baseline_C12_combo_A_seed1,session_2026-07-17T12-40-55.813790.json,45,3007,4665,ups
baseline_C12_combo_A_seed1,session_2026-07-17T12-40-55.813790.json,46,3071,4665,ups
baseline_C12_combo_A_seed1,session_2026-07-17T12-40-55.813790.json,47,3135,4665,wlk
baseline_C12_combo_A_seed1,session_2026-07-17T12-40-55.813790.json,48,3199,4665,wlk
baseline_C12_combo_A_seed1,session_2026-07-17T12-40-55.813790.json,49,3263,4665,ups
baseline_C12_combo_A_seed1,session_2026-07-17T12-40-55.813790.json,50,3327,4665,ups
baseline_C12_combo_A_seed1,session_2026-07-17T12-40-55.813790.json,51,3391,4665,ups
baseline_C12_combo_A_seed1,session_2026-07-17T12-40-55.813790.json,52,3455,4665,wlk
baseline_C12_combo_A_seed1,session_2026-07-17T12-40-55.813790.json,53,3519,4665,wlk
baseline_C12_combo_A_seed1,session_2026-07-17T12-40-55.813790.json,54,3583,4665,ups
baseline_C12_combo_A_seed1,session_2026-07-17T12-40-55.813790.json,55,3647,4665,ups
baseline_C12_combo_A_seed1,session_2026-07-17T12-40-55.813790.json,56,3711,4665,wlk
baseline_C12_combo_A_seed1,session_2026-07-17T12-40-55.813790.json,57,3775,4665,wlk
baseline_C12_combo_A_seed1,session_2026-07-17T12-40-55.813790.json,58,3839,4665,wlk
baseline_C12_combo_A_seed1,session_2026-07-17T12-40-55.813790.json,59,3903,4665,wlk
baseline_C12_combo_A_seed1,session_2026-07-17T12-40-55.813790.json,60,3967,4665,wlk
baseline_C12_combo_A_seed1,session_2026-07-17T12-40-55.813790.json,61,4031,4665,wlk
baseline_C12_combo_A_seed1,session_2026-07-17T12-40-55.813790.json,62,4095,4665,wlk
baseline_C12_combo_A_seed1,session_2026-07-17T12-40-55.813790.json,63,4159,4665,wlk
baseline_C12_combo_A_seed1,session_2026-07-17T12-40-55.813790.json,64,4223,4665,wlk
baseline_C12_combo_A_seed1,session_2026-07-17T12-40-55.813790.json,65,4287,4665,wlk
baseline_C12_combo_A_seed1,session_2026-07-17T12-40-55.813790.json,66,4351,4665,std
baseline_C12_combo_A_seed1,session_2026-07-17T12-40-55.813790.json,67,4415,4665,ups
baseline_C12_combo_A_seed1,session_2026-07-17T12-40-55.813790.json,68,4479,4665,sit
baseline_C12_combo_A_seed1,session_2026-07-17T12-40-55.813790.json,69,4543,4665,std
baseline_C12_combo_A_seed1,session_2026-07-17T12-40-55.813790.json,70,4607,4665,std
baseline_C12_combo_A_seed1,session_2026-07-17T14-39-47.700239.json,0,127,2360,ups
baseline_C12_combo_A_seed1,session_2026-07-17T14-39-47.700239.json,1,191,2360,ups
baseline_C12_combo_A_seed1,session_2026-07-17T14-39-47.700239.json,2,255,2360,ups
baseline_C12_combo_A_seed1,session_2026-07-17T14-39-47.700239.json,3,319,2360,wlk
baseline_C12_combo_A_seed1,session_2026-07-17T14-39-47.700239.json,4,383,2360,wlk
baseline_C12_combo_A_seed1,session_2026-07-17T14-39-47.700239.json,5,447,2360,wlk
baseline_C12_combo_A_seed1,session_2026-07-17T14-39-47.700239.json,6,511,2360,wlk
baseline_C12_combo_A_seed1,session_2026-07-17T14-39-47.700239.json,7,575,2360,wlk
baseline_C12_combo_A_seed1,session_2026-07-17T14-39-47.700239.json,8,639,2360,wlk
baseline_C12_combo_A_seed1,session_2026-07-17T14-39-47.700239.json,9,703,2360,wlk
baseline_C12_combo_A_seed1,session_2026-07-17T14-39-47.700239.json,10,767,2360,wlk
baseline_C12_combo_A_seed1,session_2026-07-17T14-39-47.700239.json,11,831,2360,wlk
baseline_C12_combo_A_seed1,session_2026-07-17T14-39-47.700239.json,12,895,2360,wlk
baseline_C12_combo_A_seed1,session_2026-07-17T14-39-47.700239.json,13,959,2360,wlk
baseline_C12_combo_A_seed1,session_2026-07-17T14-39-47.700239.json,14,1023,2360,wlk
baseline_C12_combo_A_seed1,session_2026-07-17T14-39-47.700239.json,15,1087,2360,wlk
baseline_C12_combo_A_seed1,session_2026-07-17T14-39-47.700239.json,16,1151,2360,ups
baseline_C12_combo_A_seed1,session_2026-07-17T14-39-47.700239.json,17,1215,2360,ups
baseline_C12_combo_A_seed1,session_2026-07-17T14-39-47.700239.json,18,1279,2360,wlk
baseline_C12_combo_A_seed1,session_2026-07-17T14-39-47.700239.json,19,1343,2360,wlk
baseline_C12_combo_A_seed1,session_2026-07-17T14-39-47.700239.json,20,1407,2360,wlk
baseline_C12_combo_A_seed1,session_2026-07-17T14-39-47.700239.json,21,1471,2360,wlk
baseline_C12_combo_A_seed1,session_2026-07-17T14-39-47.700239.json,22,1535,2360,wlk
baseline_C12_combo_A_seed1,session_2026-07-17T14-39-47.700239.json,23,1599,2360,wlk
baseline_C12_combo_A_seed1,session_2026-07-17T14-39-47.700239.json,24,1663,2360,wlk
baseline_C12_combo_A_seed1,session_2026-07-17T14-39-47.700239.json,25,1727,2360,wlk
baseline_C12_combo_A_seed1,session_2026-07-17T14-39-47.700239.json,26,1791,2360,wlk
baseline_C12_combo_A_seed1,session_2026-07-17T14-39-47.700239.json,27,1855,2360,wlk
baseline_C12_combo_A_seed1,session_2026-07-17T14-39-47.700239.json,28,1919,2360,wlk
baseline_C12_combo_A_seed1,session_2026-07-17T14-39-47.700239.json,29,1983,2360,wlk
baseline_C12_combo_A_seed1,session_2026-07-17T14-39-47.700239.json,30,2047,2360,std
baseline_C12_combo_A_seed1,session_2026-07-17T14-39-47.700239.json,31,2111,2360,std
baseline_C12_combo_A_seed1,session_2026-07-17T14-39-47.700239.json,32,2175,2360,sit
baseline_C12_combo_A_seed1,session_2026-07-17T14-39-47.700239.json,33,2239,2360,sit
baseline_C12_combo_A_seed1,session_2026-07-17T14-39-47.700239.json,34,2303,2360,sit
baseline_C12_combo_A_seed1,session_2026-07-17T14-41-25.520883.json,0,127,1863,ups
baseline_C12_combo_A_seed1,session_2026-07-17T14-41-25.520883.json,1,191,1863,wlk
baseline_C12_combo_A_seed1,session_2026-07-17T14-41-25.520883.json,2,255,1863,wlk
baseline_C12_combo_A_seed1,session_2026-07-17T14-41-25.520883.json,3,319,1863,wlk
baseline_C12_combo_A_seed1,session_2026-07-17T14-41-25.520883.json,4,383,1863,wlk
baseline_C12_combo_A_seed1,session_2026-07-17T14-41-25.520883.json,5,447,1863,wlk
baseline_C12_combo_A_seed1,session_2026-07-17T14-41-25.520883.json,6,511,1863,wlk
baseline_C12_combo_A_seed1,session_2026-07-17T14-41-25.520883.json,7,575,1863,wlk
baseline_C12_combo_A_seed1,session_2026-07-17T14-41-25.520883.json,8,639,1863,wlk
baseline_C12_combo_A_seed1,session_2026-07-17T14-41-25.520883.json,9,703,1863,wlk
baseline_C12_combo_A_seed1,session_2026-07-17T14-41-25.520883.json,10,767,1863,wlk
baseline_C12_combo_A_seed1,session_2026-07-17T14-41-25.520883.json,11,831,1863,wlk
baseline_C12_combo_A_seed1,session_2026-07-17T14-41-25.520883.json,12,895,1863,wlk
baseline_C12_combo_A_seed1,session_2026-07-17T14-41-25.520883.json,13,959,1863,wlk
baseline_C12_combo_A_seed1,session_2026-07-17T14-41-25.520883.json,14,1023,1863,ups
baseline_C12_combo_A_seed1,session_2026-07-17T14-41-25.520883.json,15,1087,1863,ups
baseline_C12_combo_A_seed1,session_2026-07-17T14-41-25.520883.json,16,1151,1863,ups
baseline_C12_combo_A_seed1,session_2026-07-17T14-41-25.520883.json,17,1215,1863,ups
baseline_C12_combo_A_seed1,session_2026-07-17T14-41-25.520883.json,18,1279,1863,ups
baseline_C12_combo_A_seed1,session_2026-07-17T14-41-25.520883.json,19,1343,1863,wlk
baseline_C12_combo_A_seed1,session_2026-07-17T14-41-25.520883.json,20,1407,1863,wlk
baseline_C12_combo_A_seed1,session_2026-07-17T14-41-25.520883.json,21,1471,1863,wlk
baseline_C12_combo_A_seed1,session_2026-07-17T14-41-25.520883.json,22,1535,1863,wlk
baseline_C12_combo_A_seed1,session_2026-07-17T14-41-25.520883.json,23,1599,1863,wlk
baseline_C12_combo_A_seed1,session_2026-07-17T14-41-25.520883.json,24,1663,1863,std
baseline_C12_combo_A_seed1,session_2026-07-17T14-41-25.520883.json,25,1727,1863,sit
baseline_C12_combo_A_seed1,session_2026-07-17T14-41-25.520883.json,26,1791,1863,sit
baseline_C12_combo_A_seed1,session_2026-07-17T14-41-25.520883.json,27,1855,1863,sit
baseline_C12_combo_A_seed1,session_2026-07-22T14-31-33.468306.json,0,127,1036,ups
baseline_C12_combo_A_seed1,session_2026-07-22T14-31-33.468306.json,1,191,1036,ups
baseline_C12_combo_A_seed1,session_2026-07-22T14-31-33.468306.json,2,255,1036,wlk
baseline_C12_combo_A_seed1,session_2026-07-22T14-31-33.468306.json,3,319,1036,wlk
baseline_C12_combo_A_seed1,session_2026-07-22T14-31-33.468306.json,4,383,1036,wlk
baseline_C12_combo_A_seed1,session_2026-07-22T14-31-33.468306.json,5,447,1036,ups
baseline_C12_combo_A_seed1,session_2026-07-22T14-31-33.468306.json,6,511,1036,ups
baseline_C12_combo_A_seed1,session_2026-07-22T14-31-33.468306.json,7,575,1036,wlk
baseline_C12_combo_A_seed1,session_2026-07-22T14-31-33.468306.json,8,639,1036,wlk
baseline_C12_combo_A_seed1,session_2026-07-22T14-31-33.468306.json,9,703,1036,ups
baseline_C12_combo_A_seed1,session_2026-07-22T14-31-33.468306.json,10,767,1036,dws
baseline_C12_combo_A_seed1,session_2026-07-22T14-31-33.468306.json,11,831,1036,ups
baseline_C12_combo_A_seed1,session_2026-07-22T14-31-33.468306.json,12,895,1036,std
baseline_C12_combo_A_seed1,session_2026-07-22T14-31-33.468306.json,13,959,1036,std
baseline_C12_combo_A_seed1,session_2026-07-22T14-31-33.468306.json,14,1023,1036,sit
baseline_C12_combo_A_seed1,session_2026-07-22T14-35-18.292706.json,0,127,1038,ups
baseline_C12_combo_A_seed1,session_2026-07-22T14-35-18.292706.json,1,191,1038,ups
baseline_C12_combo_A_seed1,session_2026-07-22T14-35-18.292706.json,2,255,1038,wlk
baseline_C12_combo_A_seed1,session_2026-07-22T14-35-18.292706.json,3,319,1038,wlk
baseline_C12_combo_A_seed1,session_2026-07-22T14-35-18.292706.json,4,383,1038,wlk
baseline_C12_combo_A_seed1,session_2026-07-22T14-35-18.292706.json,5,447,1038,wlk
baseline_C12_combo_A_seed1,session_2026-07-22T14-35-18.292706.json,6,511,1038,wlk
baseline_C12_combo_A_seed1,session_2026-07-22T14-35-18.292706.json,7,575,1038,wlk
baseline_C12_combo_A_seed1,session_2026-07-22T14-35-18.292706.json,8,639,1038,wlk
baseline_C12_combo_A_seed1,session_2026-07-22T14-35-18.292706.json,9,703,1038,ups
baseline_C12_combo_A_seed1,session_2026-07-22T14-35-18.292706.json,10,767,1038,ups
baseline_C12_combo_A_seed1,session_2026-07-22T14-35-18.292706.json,11,831,1038,sit
baseline_C12_combo_A_seed1,session_2026-07-22T14-35-18.292706.json,12,895,1038,sit
baseline_C12_combo_A_seed1,session_2026-07-22T14-35-18.292706.json,13,959,1038,sit
baseline_C12_combo_A_seed1,session_2026-07-22T14-35-18.292706.json,14,1023,1038,sit
baseline_C12_combo_A_seed1,session_2026-07-22T14-36-54.077805.json,0,127,1067,ups
baseline_C12_combo_A_seed1,session_2026-07-22T14-36-54.077805.json,1,191,1067,wlk
baseline_C12_combo_A_seed1,session_2026-07-22T14-36-54.077805.json,2,255,1067,wlk
baseline_C12_combo_A_seed1,session_2026-07-22T14-36-54.077805.json,3,319,1067,wlk
baseline_C12_combo_A_seed1,session_2026-07-22T14-36-54.077805.json,4,383,1067,wlk
baseline_C12_combo_A_seed1,session_2026-07-22T14-36-54.077805.json,5,447,1067,wlk
baseline_C12_combo_A_seed1,session_2026-07-22T14-36-54.077805.json,6,511,1067,wlk
baseline_C12_combo_A_seed1,session_2026-07-22T14-36-54.077805.json,7,575,1067,wlk
baseline_C12_combo_A_seed1,session_2026-07-22T14-36-54.077805.json,8,639,1067,wlk
baseline_C12_combo_A_seed1,session_2026-07-22T14-36-54.077805.json,9,703,1067,wlk
baseline_C12_combo_A_seed1,session_2026-07-22T14-36-54.077805.json,10,767,1067,std
baseline_C12_combo_A_seed1,session_2026-07-22T14-36-54.077805.json,11,831,1067,std
baseline_C12_combo_A_seed1,session_2026-07-22T14-36-54.077805.json,12,895,1067,sit
baseline_C12_combo_A_seed1,session_2026-07-22T14-36-54.077805.json,13,959,1067,sit
baseline_C12_combo_A_seed1,session_2026-07-22T14-36-54.077805.json,14,1023,1067,sit
baseline_C12_combo_A_seed1,session_2026-07-22T14-38-05.221747.json,0,127,1236,ups
baseline_C12_combo_A_seed1,session_2026-07-22T14-38-05.221747.json,1,191,1236,ups
baseline_C12_combo_A_seed1,session_2026-07-22T14-38-05.221747.json,2,255,1236,wlk
baseline_C12_combo_A_seed1,session_2026-07-22T14-38-05.221747.json,3,319,1236,wlk
baseline_C12_combo_A_seed1,session_2026-07-22T14-38-05.221747.json,4,383,1236,wlk
baseline_C12_combo_A_seed1,session_2026-07-22T14-38-05.221747.json,5,447,1236,wlk
baseline_C12_combo_A_seed1,session_2026-07-22T14-38-05.221747.json,6,511,1236,wlk
baseline_C12_combo_A_seed1,session_2026-07-22T14-38-05.221747.json,7,575,1236,wlk
baseline_C12_combo_A_seed1,session_2026-07-22T14-38-05.221747.json,8,639,1236,wlk
baseline_C12_combo_A_seed1,session_2026-07-22T14-38-05.221747.json,9,703,1236,ups
baseline_C12_combo_A_seed1,session_2026-07-22T14-38-05.221747.json,10,767,1236,sit
baseline_C12_combo_A_seed1,session_2026-07-22T14-38-05.221747.json,11,831,1236,sit
baseline_C12_combo_A_seed1,session_2026-07-22T14-38-05.221747.json,12,895,1236,std
baseline_C12_combo_A_seed1,session_2026-07-22T14-38-05.221747.json,13,959,1236,sit
baseline_C12_combo_A_seed1,session_2026-07-22T14-38-05.221747.json,14,1023,1236,sit
baseline_C12_combo_A_seed1,session_2026-07-22T14-38-05.221747.json,15,1087,1236,sit
baseline_C12_combo_A_seed1,session_2026-07-22T14-38-05.221747.json,16,1151,1236,sit
baseline_C12_combo_A_seed1,session_2026-07-22T14-38-05.221747.json,17,1215,1236,sit
baseline_C12_combo_A_seed1,session_2026-07-22T14-39-41.350716.json,0,127,872,ups
baseline_C12_combo_A_seed1,session_2026-07-22T14-39-41.350716.json,1,191,872,wlk
baseline_C12_combo_A_seed1,session_2026-07-22T14-39-41.350716.json,2,255,872,wlk
baseline_C12_combo_A_seed1,session_2026-07-22T14-39-41.350716.json,3,319,872,ups
baseline_C12_combo_A_seed1,session_2026-07-22T14-39-41.350716.json,4,383,872,wlk
baseline_C12_combo_A_seed1,session_2026-07-22T14-39-41.350716.json,5,447,872,wlk
baseline_C12_combo_A_seed1,session_2026-07-22T14-39-41.350716.json,6,511,872,wlk
baseline_C12_combo_A_seed1,session_2026-07-22T14-39-41.350716.json,7,575,872,wlk
baseline_C12_combo_A_seed1,session_2026-07-22T14-39-41.350716.json,8,639,872,wlk
baseline_C12_combo_A_seed1,session_2026-07-22T14-39-41.350716.json,9,703,872,std
baseline_C12_combo_A_seed1,session_2026-07-22T14-39-41.350716.json,10,767,872,sit
baseline_C12_combo_A_seed1,session_2026-07-22T14-39-41.350716.json,11,831,872,sit
baseline_C12_combo_A_seed1,session_2026-07-22T14-40-42.415662.json,0,127,1173,ups
baseline_C12_combo_A_seed1,session_2026-07-22T14-40-42.415662.json,1,191,1173,ups
baseline_C12_combo_A_seed1,session_2026-07-22T14-40-42.415662.json,2,255,1173,ups
baseline_C12_combo_A_seed1,session_2026-07-22T14-40-42.415662.json,3,319,1173,wlk
baseline_C12_combo_A_seed1,session_2026-07-22T14-40-42.415662.json,4,383,1173,ups
baseline_C12_combo_A_seed1,session_2026-07-22T14-40-42.415662.json,5,447,1173,ups
baseline_C12_combo_A_seed1,session_2026-07-22T14-40-42.415662.json,6,511,1173,ups
baseline_C12_combo_A_seed1,session_2026-07-22T14-40-42.415662.json,7,575,1173,ups
baseline_C12_combo_A_seed1,session_2026-07-22T14-40-42.415662.json,8,639,1173,wlk
baseline_C12_combo_A_seed1,session_2026-07-22T14-40-42.415662.json,9,703,1173,ups
baseline_C12_combo_A_seed1,session_2026-07-22T14-40-42.415662.json,10,767,1173,ups
baseline_C12_combo_A_seed1,session_2026-07-22T14-40-42.415662.json,11,831,1173,ups
baseline_C12_combo_A_seed1,session_2026-07-22T14-40-42.415662.json,12,895,1173,sit
baseline_C12_combo_A_seed1,session_2026-07-22T14-40-42.415662.json,13,959,1173,sit
baseline_C12_combo_A_seed1,session_2026-07-22T14-40-42.415662.json,14,1023,1173,sit
baseline_C12_combo_A_seed1,session_2026-07-22T14-40-42.415662.json,15,1087,1173,std
baseline_C12_combo_A_seed1,session_2026-07-22T14-40-42.415662.json,16,1151,1173,sit
baseline_C12_combo_A_seed1,session_2026-07-22T14-41-56.856929.json,0,127,1298,ups
baseline_C12_combo_A_seed1,session_2026-07-22T14-41-56.856929.json,1,191,1298,ups
baseline_C12_combo_A_seed1,session_2026-07-22T14-41-56.856929.json,2,255,1298,wlk
baseline_C12_combo_A_seed1,session_2026-07-22T14-41-56.856929.json,3,319,1298,wlk
baseline_C12_combo_A_seed1,session_2026-07-22T14-41-56.856929.json,4,383,1298,wlk
baseline_C12_combo_A_seed1,session_2026-07-22T14-41-56.856929.json,5,447,1298,wlk
baseline_C12_combo_A_seed1,session_2026-07-22T14-41-56.856929.json,6,511,1298,wlk
baseline_C12_combo_A_seed1,session_2026-07-22T14-41-56.856929.json,7,575,1298,ups
baseline_C12_combo_A_seed1,session_2026-07-22T14-41-56.856929.json,8,639,1298,ups
baseline_C12_combo_A_seed1,session_2026-07-22T14-41-56.856929.json,9,703,1298,ups
baseline_C12_combo_A_seed1,session_2026-07-22T14-41-56.856929.json,10,767,1298,ups
baseline_C12_combo_A_seed1,session_2026-07-22T14-41-56.856929.json,11,831,1298,ups
baseline_C12_combo_A_seed1,session_2026-07-22T14-41-56.856929.json,12,895,1298,ups
baseline_C12_combo_A_seed1,session_2026-07-22T14-41-56.856929.json,13,959,1298,wlk
baseline_C12_combo_A_seed1,session_2026-07-22T14-41-56.856929.json,14,1023,1298,wlk
baseline_C12_combo_A_seed1,session_2026-07-22T14-41-56.856929.json,15,1087,1298,std
baseline_C12_combo_A_seed1,session_2026-07-22T14-41-56.856929.json,16,1151,1298,sit
baseline_C12_combo_A_seed1,session_2026-07-22T14-41-56.856929.json,17,1215,1298,sit
baseline_C12_combo_A_seed1,session_2026-07-22T14-41-56.856929.json,18,1279,1298,sit
baseline_C12_combo_A_seed1,session_2026-07-22T14-43-38.229716.json,0,127,1380,ups
baseline_C12_combo_A_seed1,session_2026-07-22T14-43-38.229716.json,1,191,1380,ups
baseline_C12_combo_A_seed1,session_2026-07-22T14-43-38.229716.json,2,255,1380,wlk
baseline_C12_combo_A_seed1,session_2026-07-22T14-43-38.229716.json,3,319,1380,wlk
baseline_C12_combo_A_seed1,session_2026-07-22T14-43-38.229716.json,4,383,1380,ups
baseline_C12_combo_A_seed1,session_2026-07-22T14-43-38.229716.json,5,447,1380,ups
baseline_C12_combo_A_seed1,session_2026-07-22T14-43-38.229716.json,6,511,1380,ups
baseline_C12_combo_A_seed1,session_2026-07-22T14-43-38.229716.json,7,575,1380,ups
baseline_C12_combo_A_seed1,session_2026-07-22T14-43-38.229716.json,8,639,1380,ups
baseline_C12_combo_A_seed1,session_2026-07-22T14-43-38.229716.json,9,703,1380,ups
baseline_C12_combo_A_seed1,session_2026-07-22T14-43-38.229716.json,10,767,1380,ups
baseline_C12_combo_A_seed1,session_2026-07-22T14-43-38.229716.json,11,831,1380,ups
baseline_C12_combo_A_seed1,session_2026-07-22T14-43-38.229716.json,12,895,1380,ups
baseline_C12_combo_A_seed1,session_2026-07-22T14-43-38.229716.json,13,959,1380,ups
baseline_C12_combo_A_seed1,session_2026-07-22T14-43-38.229716.json,14,1023,1380,wlk
baseline_C12_combo_A_seed1,session_2026-07-22T14-43-38.229716.json,15,1087,1380,sit
baseline_C12_combo_A_seed1,session_2026-07-22T14-43-38.229716.json,16,1151,1380,sit
baseline_C12_combo_A_seed1,session_2026-07-22T14-43-38.229716.json,17,1215,1380,sit
baseline_C12_combo_A_seed1,session_2026-07-22T14-43-38.229716.json,18,1279,1380,sit
baseline_C12_combo_A_seed1,session_2026-07-22T14-43-38.229716.json,19,1343,1380,std
baseline_C12_combo_A_seed1,session_2026-07-22T14-44-47.287767.json,0,127,1412,ups
baseline_C12_combo_A_seed1,session_2026-07-22T14-44-47.287767.json,1,191,1412,ups
baseline_C12_combo_A_seed1,session_2026-07-22T14-44-47.287767.json,2,255,1412,wlk
baseline_C12_combo_A_seed1,session_2026-07-22T14-44-47.287767.json,3,319,1412,wlk
baseline_C12_combo_A_seed1,session_2026-07-22T14-44-47.287767.json,4,383,1412,wlk
baseline_C12_combo_A_seed1,session_2026-07-22T14-44-47.287767.json,5,447,1412,wlk
baseline_C12_combo_A_seed1,session_2026-07-22T14-44-47.287767.json,6,511,1412,wlk
baseline_C12_combo_A_seed1,session_2026-07-22T14-44-47.287767.json,7,575,1412,wlk
baseline_C12_combo_A_seed1,session_2026-07-22T14-44-47.287767.json,8,639,1412,wlk
baseline_C12_combo_A_seed1,session_2026-07-22T14-44-47.287767.json,9,703,1412,wlk
baseline_C12_combo_A_seed1,session_2026-07-22T14-44-47.287767.json,10,767,1412,wlk
baseline_C12_combo_A_seed1,session_2026-07-22T14-44-47.287767.json,11,831,1412,wlk
baseline_C12_combo_A_seed1,session_2026-07-22T14-44-47.287767.json,12,895,1412,wlk
baseline_C12_combo_A_seed1,session_2026-07-22T14-44-47.287767.json,13,959,1412,wlk
baseline_C12_combo_A_seed1,session_2026-07-22T14-44-47.287767.json,14,1023,1412,std
baseline_C12_combo_A_seed1,session_2026-07-22T14-44-47.287767.json,15,1087,1412,sit
baseline_C12_combo_A_seed1,session_2026-07-22T14-44-47.287767.json,16,1151,1412,std
baseline_C12_combo_A_seed1,session_2026-07-22T14-44-47.287767.json,17,1215,1412,sit
baseline_C12_combo_A_seed1,session_2026-07-22T14-44-47.287767.json,18,1279,1412,sit
baseline_C12_combo_A_seed1,session_2026-07-22T14-44-47.287767.json,19,1343,1412,std
baseline_C12_combo_A_seed1,session_2026-07-22T14-44-47.287767.json,20,1407,1412,std
baseline_C12_combo_A_seed1,session_2026-07-22T14-45-55.828701.json,0,127,1344,ups
baseline_C12_combo_A_seed1,session_2026-07-22T14-45-55.828701.json,1,191,1344,ups
baseline_C12_combo_A_seed1,session_2026-07-22T14-45-55.828701.json,2,255,1344,wlk
baseline_C12_combo_A_seed1,session_2026-07-22T14-45-55.828701.json,3,319,1344,wlk
baseline_C12_combo_A_seed1,session_2026-07-22T14-45-55.828701.json,4,383,1344,ups
baseline_C12_combo_A_seed1,session_2026-07-22T14-45-55.828701.json,5,447,1344,ups
baseline_C12_combo_A_seed1,session_2026-07-22T14-45-55.828701.json,6,511,1344,wlk
baseline_C12_combo_A_seed1,session_2026-07-22T14-45-55.828701.json,7,575,1344,ups
baseline_C12_combo_A_seed1,session_2026-07-22T14-45-55.828701.json,8,639,1344,ups
baseline_C12_combo_A_seed1,session_2026-07-22T14-45-55.828701.json,9,703,1344,ups
baseline_C12_combo_A_seed1,session_2026-07-22T14-45-55.828701.json,10,767,1344,ups
baseline_C12_combo_A_seed1,session_2026-07-22T14-45-55.828701.json,11,831,1344,ups
baseline_C12_combo_A_seed1,session_2026-07-22T14-45-55.828701.json,12,895,1344,wlk
baseline_C12_combo_A_seed1,session_2026-07-22T14-45-55.828701.json,13,959,1344,ups
baseline_C12_combo_A_seed1,session_2026-07-22T14-45-55.828701.json,14,1023,1344,sit
baseline_C12_combo_A_seed1,session_2026-07-22T14-45-55.828701.json,15,1087,1344,std
baseline_C12_combo_A_seed1,session_2026-07-22T14-45-55.828701.json,16,1151,1344,sit
baseline_C12_combo_A_seed1,session_2026-07-22T14-45-55.828701.json,17,1215,1344,sit
baseline_C12_combo_A_seed1,session_2026-07-22T14-45-55.828701.json,18,1279,1344,sit
baseline_C12_combo_A_seed1,session_2026-07-22T14-45-55.828701.json,19,1343,1344,sit
baseline_C12_combo_A_seed1,session_2026-07-22T14-47-19.853524.json,0,127,1132,ups
baseline_C12_combo_A_seed1,session_2026-07-22T14-47-19.853524.json,1,191,1132,ups
baseline_C12_combo_A_seed1,session_2026-07-22T14-47-19.853524.json,2,255,1132,wlk
baseline_C12_combo_A_seed1,session_2026-07-22T14-47-19.853524.json,3,319,1132,wlk
baseline_C12_combo_A_seed1,session_2026-07-22T14-47-19.853524.json,4,383,1132,wlk
baseline_C12_combo_A_seed1,session_2026-07-22T14-47-19.853524.json,5,447,1132,wlk
baseline_C12_combo_A_seed1,session_2026-07-22T14-47-19.853524.json,6,511,1132,wlk
baseline_C12_combo_A_seed1,session_2026-07-22T14-47-19.853524.json,7,575,1132,wlk
baseline_C12_combo_A_seed1,session_2026-07-22T14-47-19.853524.json,8,639,1132,wlk
baseline_C12_combo_A_seed1,session_2026-07-22T14-47-19.853524.json,9,703,1132,wlk
baseline_C12_combo_A_seed1,session_2026-07-22T14-47-19.853524.json,10,767,1132,wlk
baseline_C12_combo_A_seed1,session_2026-07-22T14-47-19.853524.json,11,831,1132,wlk
baseline_C12_combo_A_seed1,session_2026-07-22T14-47-19.853524.json,12,895,1132,ups
baseline_C12_combo_A_seed1,session_2026-07-22T14-47-19.853524.json,13,959,1132,sit
baseline_C12_combo_A_seed1,session_2026-07-22T14-47-19.853524.json,14,1023,1132,sit
baseline_C12_combo_A_seed1,session_2026-07-22T14-47-19.853524.json,15,1087,1132,std
baseline_C12_combo_A_seed1,session_2026-07-22T14-48-38.490388.json,0,127,1533,ups
baseline_C12_combo_A_seed1,session_2026-07-22T14-48-38.490388.json,1,191,1533,ups
baseline_C12_combo_A_seed1,session_2026-07-22T14-48-38.490388.json,2,255,1533,wlk
baseline_C12_combo_A_seed1,session_2026-07-22T14-48-38.490388.json,3,319,1533,wlk
baseline_C12_combo_A_seed1,session_2026-07-22T14-48-38.490388.json,4,383,1533,ups
baseline_C12_combo_A_seed1,session_2026-07-22T14-48-38.490388.json,5,447,1533,ups
baseline_C12_combo_A_seed1,session_2026-07-22T14-48-38.490388.json,6,511,1533,ups
baseline_C12_combo_A_seed1,session_2026-07-22T14-48-38.490388.json,7,575,1533,ups
baseline_C12_combo_A_seed1,session_2026-07-22T14-48-38.490388.json,8,639,1533,ups
baseline_C12_combo_A_seed1,session_2026-07-22T14-48-38.490388.json,9,703,1533,ups
baseline_C12_combo_A_seed1,session_2026-07-22T14-48-38.490388.json,10,767,1533,ups
baseline_C12_combo_A_seed1,session_2026-07-22T14-48-38.490388.json,11,831,1533,ups
baseline_C12_combo_A_seed1,session_2026-07-22T14-48-38.490388.json,12,895,1533,ups
baseline_C12_combo_A_seed1,session_2026-07-22T14-48-38.490388.json,13,959,1533,ups
baseline_C12_combo_A_seed1,session_2026-07-22T14-48-38.490388.json,14,1023,1533,ups
baseline_C12_combo_A_seed1,session_2026-07-22T14-48-38.490388.json,15,1087,1533,ups
baseline_C12_combo_A_seed1,session_2026-07-22T14-48-38.490388.json,16,1151,1533,ups
baseline_C12_combo_A_seed1,session_2026-07-22T14-48-38.490388.json,17,1215,1533,wlk
baseline_C12_combo_A_seed1,session_2026-07-22T14-48-38.490388.json,18,1279,1533,wlk
baseline_C12_combo_A_seed1,session_2026-07-22T14-48-38.490388.json,19,1343,1533,std
baseline_C12_combo_A_seed1,session_2026-07-22T14-48-38.490388.json,20,1407,1533,sit
baseline_C12_combo_A_seed1,session_2026-07-22T14-48-38.490388.json,21,1471,1533,std
baseline_C12_combo_A_seed2,session_2026-06-18T18-13-27.169816.json,0,127,642,sit
baseline_C12_combo_A_seed2,session_2026-06-18T18-13-27.169816.json,1,191,642,sit
baseline_C12_combo_A_seed2,session_2026-06-18T18-13-27.169816.json,2,255,642,std
baseline_C12_combo_A_seed2,session_2026-06-18T18-13-27.169816.json,3,319,642,ups
baseline_C12_combo_A_seed2,session_2026-06-18T18-13-27.169816.json,4,383,642,wlk
baseline_C12_combo_A_seed2,session_2026-06-18T18-13-27.169816.json,5,447,642,wlk
baseline_C12_combo_A_seed2,session_2026-06-18T18-13-27.169816.json,6,511,642,wlk
baseline_C12_combo_A_seed2,session_2026-06-18T18-13-27.169816.json,7,575,642,std
baseline_C12_combo_A_seed2,session_2026-06-18T18-13-27.169816.json,8,639,642,ups
baseline_C12_combo_A_seed2,session_2026-06-24T17-04-30.009717.json,0,127,1596,dws
baseline_C12_combo_A_seed2,session_2026-06-24T17-04-30.009717.json,1,191,1596,std
baseline_C12_combo_A_seed2,session_2026-06-24T17-04-30.009717.json,2,255,1596,std
baseline_C12_combo_A_seed2,session_2026-06-24T17-04-30.009717.json,3,319,1596,ups
baseline_C12_combo_A_seed2,session_2026-06-24T17-04-30.009717.json,4,383,1596,wlk
baseline_C12_combo_A_seed2,session_2026-06-24T17-04-30.009717.json,5,447,1596,wlk
baseline_C12_combo_A_seed2,session_2026-06-24T17-04-30.009717.json,6,511,1596,ups
baseline_C12_combo_A_seed2,session_2026-06-24T17-04-30.009717.json,7,575,1596,ups
baseline_C12_combo_A_seed2,session_2026-06-24T17-04-30.009717.json,8,639,1596,ups
baseline_C12_combo_A_seed2,session_2026-06-24T17-04-30.009717.json,9,703,1596,ups
baseline_C12_combo_A_seed2,session_2026-06-24T17-04-30.009717.json,10,767,1596,ups
baseline_C12_combo_A_seed2,session_2026-06-24T17-04-30.009717.json,11,831,1596,dws
baseline_C12_combo_A_seed2,session_2026-06-24T17-04-30.009717.json,12,895,1596,ups
baseline_C12_combo_A_seed2,session_2026-06-24T17-04-30.009717.json,13,959,1596,wlk
baseline_C12_combo_A_seed2,session_2026-06-24T17-04-30.009717.json,14,1023,1596,ups
baseline_C12_combo_A_seed2,session_2026-06-24T17-04-30.009717.json,15,1087,1596,ups
baseline_C12_combo_A_seed2,session_2026-06-24T17-04-30.009717.json,16,1151,1596,ups
baseline_C12_combo_A_seed2,session_2026-06-24T17-04-30.009717.json,17,1215,1596,ups
baseline_C12_combo_A_seed2,session_2026-06-24T17-04-30.009717.json,18,1279,1596,ups
baseline_C12_combo_A_seed2,session_2026-06-24T17-04-30.009717.json,19,1343,1596,ups
baseline_C12_combo_A_seed2,session_2026-06-24T17-04-30.009717.json,20,1407,1596,wlk
baseline_C12_combo_A_seed2,session_2026-06-24T17-04-30.009717.json,21,1471,1596,wlk
baseline_C12_combo_A_seed2,session_2026-06-24T17-04-30.009717.json,22,1535,1596,std
baseline_C12_combo_A_seed2,session_2026-06-24T17-21-43.893895.json,0,127,1009,dws
baseline_C12_combo_A_seed2,session_2026-06-24T17-21-43.893895.json,1,191,1009,sit
baseline_C12_combo_A_seed2,session_2026-06-24T17-21-43.893895.json,2,255,1009,sit
baseline_C12_combo_A_seed2,session_2026-06-24T17-21-43.893895.json,3,319,1009,ups
baseline_C12_combo_A_seed2,session_2026-06-24T17-21-43.893895.json,4,383,1009,ups
baseline_C12_combo_A_seed2,session_2026-06-24T17-21-43.893895.json,5,447,1009,wlk
baseline_C12_combo_A_seed2,session_2026-06-24T17-21-43.893895.json,6,511,1009,ups
baseline_C12_combo_A_seed2,session_2026-06-24T17-21-43.893895.json,7,575,1009,wlk
baseline_C12_combo_A_seed2,session_2026-06-24T17-21-43.893895.json,8,639,1009,wlk
baseline_C12_combo_A_seed2,session_2026-06-24T17-21-43.893895.json,9,703,1009,wlk
baseline_C12_combo_A_seed2,session_2026-06-24T17-21-43.893895.json,10,767,1009,wlk
baseline_C12_combo_A_seed2,session_2026-06-24T17-21-43.893895.json,11,831,1009,wlk
baseline_C12_combo_A_seed2,session_2026-06-24T17-21-43.893895.json,12,895,1009,std
baseline_C12_combo_A_seed2,session_2026-06-24T17-21-43.893895.json,13,959,1009,ups
baseline_C12_combo_A_seed2,session_2026-06-24T17-24-13.644396.json,0,127,2534,dws
baseline_C12_combo_A_seed2,session_2026-06-24T17-24-13.644396.json,1,191,2534,sit
baseline_C12_combo_A_seed2,session_2026-06-24T17-24-13.644396.json,2,255,2534,wlk
baseline_C12_combo_A_seed2,session_2026-06-24T17-24-13.644396.json,3,319,2534,wlk
baseline_C12_combo_A_seed2,session_2026-06-24T17-24-13.644396.json,4,383,2534,wlk
baseline_C12_combo_A_seed2,session_2026-06-24T17-24-13.644396.json,5,447,2534,wlk
baseline_C12_combo_A_seed2,session_2026-06-24T17-24-13.644396.json,6,511,2534,wlk
baseline_C12_combo_A_seed2,session_2026-06-24T17-24-13.644396.json,7,575,2534,wlk
baseline_C12_combo_A_seed2,session_2026-06-24T17-24-13.644396.json,8,639,2534,wlk
baseline_C12_combo_A_seed2,session_2026-06-24T17-24-13.644396.json,9,703,2534,wlk
baseline_C12_combo_A_seed2,session_2026-06-24T17-24-13.644396.json,10,767,2534,wlk
baseline_C12_combo_A_seed2,session_2026-06-24T17-24-13.644396.json,11,831,2534,wlk
baseline_C12_combo_A_seed2,session_2026-06-24T17-24-13.644396.json,12,895,2534,wlk
baseline_C12_combo_A_seed2,session_2026-06-24T17-24-13.644396.json,13,959,2534,wlk
baseline_C12_combo_A_seed2,session_2026-06-24T17-24-13.644396.json,14,1023,2534,wlk
baseline_C12_combo_A_seed2,session_2026-06-24T17-24-13.644396.json,15,1087,2534,wlk
baseline_C12_combo_A_seed2,session_2026-06-24T17-24-13.644396.json,16,1151,2534,wlk
baseline_C12_combo_A_seed2,session_2026-06-24T17-24-13.644396.json,17,1215,2534,wlk
baseline_C12_combo_A_seed2,session_2026-06-24T17-24-13.644396.json,18,1279,2534,wlk
baseline_C12_combo_A_seed2,session_2026-06-24T17-24-13.644396.json,19,1343,2534,wlk
baseline_C12_combo_A_seed2,session_2026-06-24T17-24-13.644396.json,20,1407,2534,wlk
baseline_C12_combo_A_seed2,session_2026-06-24T17-24-13.644396.json,21,1471,2534,wlk
baseline_C12_combo_A_seed2,session_2026-06-24T17-24-13.644396.json,22,1535,2534,wlk
baseline_C12_combo_A_seed2,session_2026-06-24T17-24-13.644396.json,23,1599,2534,wlk
baseline_C12_combo_A_seed2,session_2026-06-24T17-24-13.644396.json,24,1663,2534,wlk
baseline_C12_combo_A_seed2,session_2026-06-24T17-24-13.644396.json,25,1727,2534,wlk
baseline_C12_combo_A_seed2,session_2026-06-24T17-24-13.644396.json,26,1791,2534,wlk
baseline_C12_combo_A_seed2,session_2026-06-24T17-24-13.644396.json,27,1855,2534,wlk
baseline_C12_combo_A_seed2,session_2026-06-24T17-24-13.644396.json,28,1919,2534,wlk
baseline_C12_combo_A_seed2,session_2026-06-24T17-24-13.644396.json,29,1983,2534,ups
baseline_C12_combo_A_seed2,session_2026-06-24T17-24-13.644396.json,30,2047,2534,wlk
baseline_C12_combo_A_seed2,session_2026-06-24T17-24-13.644396.json,31,2111,2534,ups
baseline_C12_combo_A_seed2,session_2026-06-24T17-24-13.644396.json,32,2175,2534,ups
baseline_C12_combo_A_seed2,session_2026-06-24T17-24-13.644396.json,33,2239,2534,wlk
baseline_C12_combo_A_seed2,session_2026-06-24T17-24-13.644396.json,34,2303,2534,wlk
baseline_C12_combo_A_seed2,session_2026-06-24T17-24-13.644396.json,35,2367,2534,wlk
baseline_C12_combo_A_seed2,session_2026-06-24T17-24-13.644396.json,36,2431,2534,std
baseline_C12_combo_A_seed2,session_2026-06-24T17-24-13.644396.json,37,2495,2534,std
baseline_C12_combo_A_seed2,session_2026-06-24T17-25-30.213239.json,0,127,2613,dws
baseline_C12_combo_A_seed2,session_2026-06-24T17-25-30.213239.json,1,191,2613,dws
baseline_C12_combo_A_seed2,session_2026-06-24T17-25-30.213239.json,2,255,2613,std
baseline_C12_combo_A_seed2,session_2026-06-24T17-25-30.213239.json,3,319,2613,wlk
baseline_C12_combo_A_seed2,session_2026-06-24T17-25-30.213239.json,4,383,2613,wlk
baseline_C12_combo_A_seed2,session_2026-06-24T17-25-30.213239.json,5,447,2613,wlk
baseline_C12_combo_A_seed2,session_2026-06-24T17-25-30.213239.json,6,511,2613,wlk
baseline_C12_combo_A_seed2,session_2026-06-24T17-25-30.213239.json,7,575,2613,wlk
baseline_C12_combo_A_seed2,session_2026-06-24T17-25-30.213239.json,8,639,2613,wlk
baseline_C12_combo_A_seed2,session_2026-06-24T17-25-30.213239.json,9,703,2613,wlk
baseline_C12_combo_A_seed2,session_2026-06-24T17-25-30.213239.json,10,767,2613,wlk
baseline_C12_combo_A_seed2,session_2026-06-24T17-25-30.213239.json,11,831,2613,wlk
baseline_C12_combo_A_seed2,session_2026-06-24T17-25-30.213239.json,12,895,2613,wlk
baseline_C12_combo_A_seed2,session_2026-06-24T17-25-30.213239.json,13,959,2613,wlk
baseline_C12_combo_A_seed2,session_2026-06-24T17-25-30.213239.json,14,1023,2613,wlk
baseline_C12_combo_A_seed2,session_2026-06-24T17-25-30.213239.json,15,1087,2613,wlk
baseline_C12_combo_A_seed2,session_2026-06-24T17-25-30.213239.json,16,1151,2613,wlk
baseline_C12_combo_A_seed2,session_2026-06-24T17-25-30.213239.json,17,1215,2613,wlk
baseline_C12_combo_A_seed2,session_2026-06-24T17-25-30.213239.json,18,1279,2613,wlk
baseline_C12_combo_A_seed2,session_2026-06-24T17-25-30.213239.json,19,1343,2613,wlk
baseline_C12_combo_A_seed2,session_2026-06-24T17-25-30.213239.json,20,1407,2613,wlk
baseline_C12_combo_A_seed2,session_2026-06-24T17-25-30.213239.json,21,1471,2613,wlk
baseline_C12_combo_A_seed2,session_2026-06-24T17-25-30.213239.json,22,1535,2613,wlk
baseline_C12_combo_A_seed2,session_2026-06-24T17-25-30.213239.json,23,1599,2613,wlk
baseline_C12_combo_A_seed2,session_2026-06-24T17-25-30.213239.json,24,1663,2613,wlk
baseline_C12_combo_A_seed2,session_2026-06-24T17-25-30.213239.json,25,1727,2613,wlk
baseline_C12_combo_A_seed2,session_2026-06-24T17-25-30.213239.json,26,1791,2613,wlk
baseline_C12_combo_A_seed2,session_2026-06-24T17-25-30.213239.json,27,1855,2613,wlk
baseline_C12_combo_A_seed2,session_2026-06-24T17-25-30.213239.json,28,1919,2613,wlk
baseline_C12_combo_A_seed2,session_2026-06-24T17-25-30.213239.json,29,1983,2613,wlk
baseline_C12_combo_A_seed2,session_2026-06-24T17-25-30.213239.json,30,2047,2613,wlk
baseline_C12_combo_A_seed2,session_2026-06-24T17-25-30.213239.json,31,2111,2613,wlk
baseline_C12_combo_A_seed2,session_2026-06-24T17-25-30.213239.json,32,2175,2613,wlk
baseline_C12_combo_A_seed2,session_2026-06-24T17-25-30.213239.json,33,2239,2613,wlk
baseline_C12_combo_A_seed2,session_2026-06-24T17-25-30.213239.json,34,2303,2613,wlk
baseline_C12_combo_A_seed2,session_2026-06-24T17-25-30.213239.json,35,2367,2613,wlk
baseline_C12_combo_A_seed2,session_2026-06-24T17-25-30.213239.json,36,2431,2613,wlk
baseline_C12_combo_A_seed2,session_2026-06-24T17-25-30.213239.json,37,2495,2613,std
baseline_C12_combo_A_seed2,session_2026-06-24T17-25-30.213239.json,38,2559,2613,std
baseline_C12_combo_A_seed2,session_2026-06-27T19-25-21.678232.json,0,127,919,std
baseline_C12_combo_A_seed2,session_2026-06-27T19-25-21.678232.json,1,191,919,sit
baseline_C12_combo_A_seed2,session_2026-06-27T19-25-21.678232.json,2,255,919,sit
baseline_C12_combo_A_seed2,session_2026-06-27T19-25-21.678232.json,3,319,919,sit
baseline_C12_combo_A_seed2,session_2026-06-27T19-25-21.678232.json,4,383,919,sit
baseline_C12_combo_A_seed2,session_2026-06-27T19-25-21.678232.json,5,447,919,wlk
baseline_C12_combo_A_seed2,session_2026-06-27T19-25-21.678232.json,6,511,919,wlk
baseline_C12_combo_A_seed2,session_2026-06-27T19-25-21.678232.json,7,575,919,wlk
baseline_C12_combo_A_seed2,session_2026-06-27T19-25-21.678232.json,8,639,919,wlk
baseline_C12_combo_A_seed2,session_2026-06-27T19-25-21.678232.json,9,703,919,wlk
baseline_C12_combo_A_seed2,session_2026-06-27T19-25-21.678232.json,10,767,919,std
baseline_C12_combo_A_seed2,session_2026-06-27T19-25-21.678232.json,11,831,919,std
baseline_C12_combo_A_seed2,session_2026-06-27T19-25-21.678232.json,12,895,919,std
baseline_C12_combo_A_seed2,session_2026-06-27T19-46-36.461282.json,0,127,1801,sit
baseline_C12_combo_A_seed2,session_2026-06-27T19-46-36.461282.json,1,191,1801,std
baseline_C12_combo_A_seed2,session_2026-06-27T19-46-36.461282.json,2,255,1801,std
baseline_C12_combo_A_seed2,session_2026-06-27T19-46-36.461282.json,3,319,1801,wlk
baseline_C12_combo_A_seed2,session_2026-06-27T19-46-36.461282.json,4,383,1801,wlk
baseline_C12_combo_A_seed2,session_2026-06-27T19-46-36.461282.json,5,447,1801,wlk
baseline_C12_combo_A_seed2,session_2026-06-27T19-46-36.461282.json,6,511,1801,wlk
baseline_C12_combo_A_seed2,session_2026-06-27T19-46-36.461282.json,7,575,1801,dws
baseline_C12_combo_A_seed2,session_2026-06-27T19-46-36.461282.json,8,639,1801,wlk
baseline_C12_combo_A_seed2,session_2026-06-27T19-46-36.461282.json,9,703,1801,dws
baseline_C12_combo_A_seed2,session_2026-06-27T19-46-36.461282.json,10,767,1801,wlk
baseline_C12_combo_A_seed2,session_2026-06-27T19-46-36.461282.json,11,831,1801,std
baseline_C12_combo_A_seed2,session_2026-06-27T19-46-36.461282.json,12,895,1801,std
baseline_C12_combo_A_seed2,session_2026-06-27T19-46-36.461282.json,13,959,1801,std
baseline_C12_combo_A_seed2,session_2026-06-27T19-46-36.461282.json,14,1023,1801,std
baseline_C12_combo_A_seed2,session_2026-06-27T19-46-36.461282.json,15,1087,1801,wlk
baseline_C12_combo_A_seed2,session_2026-06-27T19-46-36.461282.json,16,1151,1801,wlk
baseline_C12_combo_A_seed2,session_2026-06-27T19-46-36.461282.json,17,1215,1801,wlk
baseline_C12_combo_A_seed2,session_2026-06-27T19-46-36.461282.json,18,1279,1801,wlk
baseline_C12_combo_A_seed2,session_2026-06-27T19-46-36.461282.json,19,1343,1801,dws
baseline_C12_combo_A_seed2,session_2026-06-27T19-46-36.461282.json,20,1407,1801,dws
baseline_C12_combo_A_seed2,session_2026-06-27T19-46-36.461282.json,21,1471,1801,wlk
baseline_C12_combo_A_seed2,session_2026-06-27T19-46-36.461282.json,22,1535,1801,ups
baseline_C12_combo_A_seed2,session_2026-06-27T19-46-36.461282.json,23,1599,1801,sit
baseline_C12_combo_A_seed2,session_2026-06-27T19-46-36.461282.json,24,1663,1801,std
baseline_C12_combo_A_seed2,session_2026-06-27T19-46-36.461282.json,25,1727,1801,std
baseline_C12_combo_A_seed2,session_2026-06-27T19-46-36.461282.json,26,1791,1801,std
baseline_C12_combo_A_seed2,session_2026-06-30T08-17-07.003351.json,0,127,5637,dws
baseline_C12_combo_A_seed2,session_2026-06-30T08-17-07.003351.json,1,191,5637,dws
baseline_C12_combo_A_seed2,session_2026-06-30T08-17-07.003351.json,2,255,5637,wlk
baseline_C12_combo_A_seed2,session_2026-06-30T08-17-07.003351.json,3,319,5637,wlk
baseline_C12_combo_A_seed2,session_2026-06-30T08-17-07.003351.json,4,383,5637,jog
baseline_C12_combo_A_seed2,session_2026-06-30T08-17-07.003351.json,5,447,5637,wlk
baseline_C12_combo_A_seed2,session_2026-06-30T08-17-07.003351.json,6,511,5637,wlk
baseline_C12_combo_A_seed2,session_2026-06-30T08-17-07.003351.json,7,575,5637,wlk
baseline_C12_combo_A_seed2,session_2026-06-30T08-17-07.003351.json,8,639,5637,wlk
baseline_C12_combo_A_seed2,session_2026-06-30T08-17-07.003351.json,9,703,5637,wlk
baseline_C12_combo_A_seed2,session_2026-06-30T08-17-07.003351.json,10,767,5637,wlk
baseline_C12_combo_A_seed2,session_2026-06-30T08-17-07.003351.json,11,831,5637,wlk
baseline_C12_combo_A_seed2,session_2026-06-30T08-17-07.003351.json,12,895,5637,wlk
baseline_C12_combo_A_seed2,session_2026-06-30T08-17-07.003351.json,13,959,5637,wlk
baseline_C12_combo_A_seed2,session_2026-06-30T08-17-07.003351.json,14,1023,5637,wlk
baseline_C12_combo_A_seed2,session_2026-06-30T08-17-07.003351.json,15,1087,5637,wlk
baseline_C12_combo_A_seed2,session_2026-06-30T08-17-07.003351.json,16,1151,5637,wlk
baseline_C12_combo_A_seed2,session_2026-06-30T08-17-07.003351.json,17,1215,5637,wlk
baseline_C12_combo_A_seed2,session_2026-06-30T08-17-07.003351.json,18,1279,5637,wlk
baseline_C12_combo_A_seed2,session_2026-06-30T08-17-07.003351.json,19,1343,5637,wlk
baseline_C12_combo_A_seed2,session_2026-06-30T08-17-07.003351.json,20,1407,5637,wlk
baseline_C12_combo_A_seed2,session_2026-06-30T08-17-07.003351.json,21,1471,5637,wlk
baseline_C12_combo_A_seed2,session_2026-06-30T08-17-07.003351.json,22,1535,5637,wlk
baseline_C12_combo_A_seed2,session_2026-06-30T08-17-07.003351.json,23,1599,5637,wlk
baseline_C12_combo_A_seed2,session_2026-06-30T08-17-07.003351.json,24,1663,5637,wlk
baseline_C12_combo_A_seed2,session_2026-06-30T08-17-07.003351.json,25,1727,5637,wlk
baseline_C12_combo_A_seed2,session_2026-06-30T08-17-07.003351.json,26,1791,5637,wlk
baseline_C12_combo_A_seed2,session_2026-06-30T08-17-07.003351.json,27,1855,5637,wlk
baseline_C12_combo_A_seed2,session_2026-06-30T08-17-07.003351.json,28,1919,5637,wlk
baseline_C12_combo_A_seed2,session_2026-06-30T08-17-07.003351.json,29,1983,5637,wlk
baseline_C12_combo_A_seed2,session_2026-06-30T08-17-07.003351.json,30,2047,5637,wlk
baseline_C12_combo_A_seed2,session_2026-06-30T08-17-07.003351.json,31,2111,5637,wlk
baseline_C12_combo_A_seed2,session_2026-06-30T08-17-07.003351.json,32,2175,5637,wlk
baseline_C12_combo_A_seed2,session_2026-06-30T08-17-07.003351.json,33,2239,5637,wlk
baseline_C12_combo_A_seed2,session_2026-06-30T08-17-07.003351.json,34,2303,5637,wlk
baseline_C12_combo_A_seed2,session_2026-06-30T08-17-07.003351.json,35,2367,5637,wlk
baseline_C12_combo_A_seed2,session_2026-06-30T08-17-07.003351.json,36,2431,5637,wlk
baseline_C12_combo_A_seed2,session_2026-06-30T08-17-07.003351.json,37,2495,5637,wlk
baseline_C12_combo_A_seed2,session_2026-06-30T08-17-07.003351.json,38,2559,5637,wlk
baseline_C12_combo_A_seed2,session_2026-06-30T08-17-07.003351.json,39,2623,5637,wlk
baseline_C12_combo_A_seed2,session_2026-06-30T08-17-07.003351.json,40,2687,5637,wlk
baseline_C12_combo_A_seed2,session_2026-06-30T08-17-07.003351.json,41,2751,5637,wlk
baseline_C12_combo_A_seed2,session_2026-06-30T08-17-07.003351.json,42,2815,5637,wlk
baseline_C12_combo_A_seed2,session_2026-06-30T08-17-07.003351.json,43,2879,5637,wlk
baseline_C12_combo_A_seed2,session_2026-06-30T08-17-07.003351.json,44,2943,5637,wlk
baseline_C12_combo_A_seed2,session_2026-06-30T08-17-07.003351.json,45,3007,5637,wlk
baseline_C12_combo_A_seed2,session_2026-06-30T08-17-07.003351.json,46,3071,5637,wlk
baseline_C12_combo_A_seed2,session_2026-06-30T08-17-07.003351.json,47,3135,5637,wlk
baseline_C12_combo_A_seed2,session_2026-06-30T08-17-07.003351.json,48,3199,5637,wlk
baseline_C12_combo_A_seed2,session_2026-06-30T08-17-07.003351.json,49,3263,5637,wlk
baseline_C12_combo_A_seed2,session_2026-06-30T08-17-07.003351.json,50,3327,5637,wlk
baseline_C12_combo_A_seed2,session_2026-06-30T08-17-07.003351.json,51,3391,5637,wlk
baseline_C12_combo_A_seed2,session_2026-06-30T08-17-07.003351.json,52,3455,5637,wlk
baseline_C12_combo_A_seed2,session_2026-06-30T08-17-07.003351.json,53,3519,5637,wlk
baseline_C12_combo_A_seed2,session_2026-06-30T08-17-07.003351.json,54,3583,5637,wlk
baseline_C12_combo_A_seed2,session_2026-06-30T08-17-07.003351.json,55,3647,5637,wlk
baseline_C12_combo_A_seed2,session_2026-06-30T08-17-07.003351.json,56,3711,5637,wlk
baseline_C12_combo_A_seed2,session_2026-06-30T08-17-07.003351.json,57,3775,5637,wlk
baseline_C12_combo_A_seed2,session_2026-06-30T08-17-07.003351.json,58,3839,5637,wlk
baseline_C12_combo_A_seed2,session_2026-06-30T08-17-07.003351.json,59,3903,5637,wlk
baseline_C12_combo_A_seed2,session_2026-06-30T08-17-07.003351.json,60,3967,5637,wlk
baseline_C12_combo_A_seed2,session_2026-06-30T08-17-07.003351.json,61,4031,5637,wlk
baseline_C12_combo_A_seed2,session_2026-06-30T08-17-07.003351.json,62,4095,5637,wlk
baseline_C12_combo_A_seed2,session_2026-06-30T08-17-07.003351.json,63,4159,5637,wlk
baseline_C12_combo_A_seed2,session_2026-06-30T08-17-07.003351.json,64,4223,5637,wlk
baseline_C12_combo_A_seed2,session_2026-06-30T08-17-07.003351.json,65,4287,5637,wlk
baseline_C12_combo_A_seed2,session_2026-06-30T08-17-07.003351.json,66,4351,5637,wlk
baseline_C12_combo_A_seed2,session_2026-06-30T08-17-07.003351.json,67,4415,5637,wlk
baseline_C12_combo_A_seed2,session_2026-06-30T08-17-07.003351.json,68,4479,5637,wlk
baseline_C12_combo_A_seed2,session_2026-06-30T08-17-07.003351.json,69,4543,5637,wlk
baseline_C12_combo_A_seed2,session_2026-06-30T08-17-07.003351.json,70,4607,5637,wlk
baseline_C12_combo_A_seed2,session_2026-06-30T08-17-07.003351.json,71,4671,5637,wlk
baseline_C12_combo_A_seed2,session_2026-06-30T08-17-07.003351.json,72,4735,5637,wlk
baseline_C12_combo_A_seed2,session_2026-06-30T08-17-07.003351.json,73,4799,5637,wlk
baseline_C12_combo_A_seed2,session_2026-06-30T08-17-07.003351.json,74,4863,5637,wlk
baseline_C12_combo_A_seed2,session_2026-06-30T08-17-07.003351.json,75,4927,5637,wlk
baseline_C12_combo_A_seed2,session_2026-06-30T08-17-07.003351.json,76,4991,5637,wlk
baseline_C12_combo_A_seed2,session_2026-06-30T08-17-07.003351.json,77,5055,5637,wlk
baseline_C12_combo_A_seed2,session_2026-06-30T08-17-07.003351.json,78,5119,5637,wlk
baseline_C12_combo_A_seed2,session_2026-06-30T08-17-07.003351.json,79,5183,5637,wlk
baseline_C12_combo_A_seed2,session_2026-06-30T08-17-07.003351.json,80,5247,5637,wlk
baseline_C12_combo_A_seed2,session_2026-06-30T08-17-07.003351.json,81,5311,5637,wlk
baseline_C12_combo_A_seed2,session_2026-06-30T08-17-07.003351.json,82,5375,5637,wlk
baseline_C12_combo_A_seed2,session_2026-06-30T08-17-07.003351.json,83,5439,5637,wlk
baseline_C12_combo_A_seed2,session_2026-06-30T08-17-07.003351.json,84,5503,5637,ups
baseline_C12_combo_A_seed2,session_2026-06-30T08-17-07.003351.json,85,5567,5637,std
baseline_C12_combo_A_seed2,session_2026-06-30T08-17-07.003351.json,86,5631,5637,std
baseline_C12_combo_A_seed2,session_2026-07-17T12-37-55.776619.json,0,127,4468,ups
baseline_C12_combo_A_seed2,session_2026-07-17T12-37-55.776619.json,1,191,4468,ups
baseline_C12_combo_A_seed2,session_2026-07-17T12-37-55.776619.json,2,255,4468,ups
baseline_C12_combo_A_seed2,session_2026-07-17T12-37-55.776619.json,3,319,4468,wlk
baseline_C12_combo_A_seed2,session_2026-07-17T12-37-55.776619.json,4,383,4468,wlk
baseline_C12_combo_A_seed2,session_2026-07-17T12-37-55.776619.json,5,447,4468,wlk
baseline_C12_combo_A_seed2,session_2026-07-17T12-37-55.776619.json,6,511,4468,ups
baseline_C12_combo_A_seed2,session_2026-07-17T12-37-55.776619.json,7,575,4468,ups
baseline_C12_combo_A_seed2,session_2026-07-17T12-37-55.776619.json,8,639,4468,wlk
baseline_C12_combo_A_seed2,session_2026-07-17T12-37-55.776619.json,9,703,4468,wlk
baseline_C12_combo_A_seed2,session_2026-07-17T12-37-55.776619.json,10,767,4468,wlk
baseline_C12_combo_A_seed2,session_2026-07-17T12-37-55.776619.json,11,831,4468,wlk
baseline_C12_combo_A_seed2,session_2026-07-17T12-37-55.776619.json,12,895,4468,wlk
baseline_C12_combo_A_seed2,session_2026-07-17T12-37-55.776619.json,13,959,4468,wlk
baseline_C12_combo_A_seed2,session_2026-07-17T12-37-55.776619.json,14,1023,4468,wlk
baseline_C12_combo_A_seed2,session_2026-07-17T12-37-55.776619.json,15,1087,4468,wlk
baseline_C12_combo_A_seed2,session_2026-07-17T12-37-55.776619.json,16,1151,4468,wlk
baseline_C12_combo_A_seed2,session_2026-07-17T12-37-55.776619.json,17,1215,4468,wlk
baseline_C12_combo_A_seed2,session_2026-07-17T12-37-55.776619.json,18,1279,4468,wlk
baseline_C12_combo_A_seed2,session_2026-07-17T12-37-55.776619.json,19,1343,4468,wlk
baseline_C12_combo_A_seed2,session_2026-07-17T12-37-55.776619.json,20,1407,4468,wlk
baseline_C12_combo_A_seed2,session_2026-07-17T12-37-55.776619.json,21,1471,4468,wlk
baseline_C12_combo_A_seed2,session_2026-07-17T12-37-55.776619.json,22,1535,4468,wlk
baseline_C12_combo_A_seed2,session_2026-07-17T12-37-55.776619.json,23,1599,4468,wlk
baseline_C12_combo_A_seed2,session_2026-07-17T12-37-55.776619.json,24,1663,4468,ups
baseline_C12_combo_A_seed2,session_2026-07-17T12-37-55.776619.json,25,1727,4468,wlk
baseline_C12_combo_A_seed2,session_2026-07-17T12-37-55.776619.json,26,1791,4468,wlk
baseline_C12_combo_A_seed2,session_2026-07-17T12-37-55.776619.json,27,1855,4468,wlk
baseline_C12_combo_A_seed2,session_2026-07-17T12-37-55.776619.json,28,1919,4468,wlk
baseline_C12_combo_A_seed2,session_2026-07-17T12-37-55.776619.json,29,1983,4468,wlk
baseline_C12_combo_A_seed2,session_2026-07-17T12-37-55.776619.json,30,2047,4468,wlk
baseline_C12_combo_A_seed2,session_2026-07-17T12-37-55.776619.json,31,2111,4468,wlk
baseline_C12_combo_A_seed2,session_2026-07-17T12-37-55.776619.json,32,2175,4468,wlk
baseline_C12_combo_A_seed2,session_2026-07-17T12-37-55.776619.json,33,2239,4468,wlk
baseline_C12_combo_A_seed2,session_2026-07-17T12-37-55.776619.json,34,2303,4468,wlk
baseline_C12_combo_A_seed2,session_2026-07-17T12-37-55.776619.json,35,2367,4468,wlk
baseline_C12_combo_A_seed2,session_2026-07-17T12-37-55.776619.json,36,2431,4468,wlk
baseline_C12_combo_A_seed2,session_2026-07-17T12-37-55.776619.json,37,2495,4468,wlk
baseline_C12_combo_A_seed2,session_2026-07-17T12-37-55.776619.json,38,2559,4468,ups
baseline_C12_combo_A_seed2,session_2026-07-17T12-37-55.776619.json,39,2623,4468,wlk
baseline_C12_combo_A_seed2,session_2026-07-17T12-37-55.776619.json,40,2687,4468,wlk
baseline_C12_combo_A_seed2,session_2026-07-17T12-37-55.776619.json,41,2751,4468,wlk
baseline_C12_combo_A_seed2,session_2026-07-17T12-37-55.776619.json,42,2815,4468,wlk
baseline_C12_combo_A_seed2,session_2026-07-17T12-37-55.776619.json,43,2879,4468,wlk
baseline_C12_combo_A_seed2,session_2026-07-17T12-37-55.776619.json,44,2943,4468,wlk
baseline_C12_combo_A_seed2,session_2026-07-17T12-37-55.776619.json,45,3007,4468,wlk
baseline_C12_combo_A_seed2,session_2026-07-17T12-37-55.776619.json,46,3071,4468,wlk
baseline_C12_combo_A_seed2,session_2026-07-17T12-37-55.776619.json,47,3135,4468,wlk
baseline_C12_combo_A_seed2,session_2026-07-17T12-37-55.776619.json,48,3199,4468,wlk
baseline_C12_combo_A_seed2,session_2026-07-17T12-37-55.776619.json,49,3263,4468,wlk
baseline_C12_combo_A_seed2,session_2026-07-17T12-37-55.776619.json,50,3327,4468,wlk
baseline_C12_combo_A_seed2,session_2026-07-17T12-37-55.776619.json,51,3391,4468,wlk
baseline_C12_combo_A_seed2,session_2026-07-17T12-37-55.776619.json,52,3455,4468,wlk
baseline_C12_combo_A_seed2,session_2026-07-17T12-37-55.776619.json,53,3519,4468,wlk
baseline_C12_combo_A_seed2,session_2026-07-17T12-37-55.776619.json,54,3583,4468,wlk
baseline_C12_combo_A_seed2,session_2026-07-17T12-37-55.776619.json,55,3647,4468,wlk
baseline_C12_combo_A_seed2,session_2026-07-17T12-37-55.776619.json,56,3711,4468,ups
baseline_C12_combo_A_seed2,session_2026-07-17T12-37-55.776619.json,57,3775,4468,ups
baseline_C12_combo_A_seed2,session_2026-07-17T12-37-55.776619.json,58,3839,4468,wlk
baseline_C12_combo_A_seed2,session_2026-07-17T12-37-55.776619.json,59,3903,4468,wlk
baseline_C12_combo_A_seed2,session_2026-07-17T12-37-55.776619.json,60,3967,4468,ups
baseline_C12_combo_A_seed2,session_2026-07-17T12-37-55.776619.json,61,4031,4468,ups
baseline_C12_combo_A_seed2,session_2026-07-17T12-37-55.776619.json,62,4095,4468,ups
baseline_C12_combo_A_seed2,session_2026-07-17T12-37-55.776619.json,63,4159,4468,wlk
baseline_C12_combo_A_seed2,session_2026-07-17T12-37-55.776619.json,64,4223,4468,wlk
baseline_C12_combo_A_seed2,session_2026-07-17T12-37-55.776619.json,65,4287,4468,std
baseline_C12_combo_A_seed2,session_2026-07-17T12-37-55.776619.json,66,4351,4468,std
baseline_C12_combo_A_seed2,session_2026-07-17T12-37-55.776619.json,67,4415,4468,std
baseline_C12_combo_A_seed2,session_2026-07-17T12-40-55.813790.json,0,127,4665,wlk
baseline_C12_combo_A_seed2,session_2026-07-17T12-40-55.813790.json,1,191,4665,wlk
baseline_C12_combo_A_seed2,session_2026-07-17T12-40-55.813790.json,2,255,4665,wlk
baseline_C12_combo_A_seed2,session_2026-07-17T12-40-55.813790.json,3,319,4665,wlk
baseline_C12_combo_A_seed2,session_2026-07-17T12-40-55.813790.json,4,383,4665,wlk
baseline_C12_combo_A_seed2,session_2026-07-17T12-40-55.813790.json,5,447,4665,wlk
baseline_C12_combo_A_seed2,session_2026-07-17T12-40-55.813790.json,6,511,4665,ups
baseline_C12_combo_A_seed2,session_2026-07-17T12-40-55.813790.json,7,575,4665,ups
baseline_C12_combo_A_seed2,session_2026-07-17T12-40-55.813790.json,8,639,4665,ups
baseline_C12_combo_A_seed2,session_2026-07-17T12-40-55.813790.json,9,703,4665,ups
baseline_C12_combo_A_seed2,session_2026-07-17T12-40-55.813790.json,10,767,4665,wlk
baseline_C12_combo_A_seed2,session_2026-07-17T12-40-55.813790.json,11,831,4665,ups
baseline_C12_combo_A_seed2,session_2026-07-17T12-40-55.813790.json,12,895,4665,wlk
baseline_C12_combo_A_seed2,session_2026-07-17T12-40-55.813790.json,13,959,4665,wlk
baseline_C12_combo_A_seed2,session_2026-07-17T12-40-55.813790.json,14,1023,4665,wlk
baseline_C12_combo_A_seed2,session_2026-07-17T12-40-55.813790.json,15,1087,4665,wlk
baseline_C12_combo_A_seed2,session_2026-07-17T12-40-55.813790.json,16,1151,4665,wlk
baseline_C12_combo_A_seed2,session_2026-07-17T12-40-55.813790.json,17,1215,4665,wlk
baseline_C12_combo_A_seed2,session_2026-07-17T12-40-55.813790.json,18,1279,4665,ups
baseline_C12_combo_A_seed2,session_2026-07-17T12-40-55.813790.json,19,1343,4665,wlk
baseline_C12_combo_A_seed2,session_2026-07-17T12-40-55.813790.json,20,1407,4665,wlk
baseline_C12_combo_A_seed2,session_2026-07-17T12-40-55.813790.json,21,1471,4665,ups
baseline_C12_combo_A_seed2,session_2026-07-17T12-40-55.813790.json,22,1535,4665,wlk
baseline_C12_combo_A_seed2,session_2026-07-17T12-40-55.813790.json,23,1599,4665,wlk
baseline_C12_combo_A_seed2,session_2026-07-17T12-40-55.813790.json,24,1663,4665,wlk
baseline_C12_combo_A_seed2,session_2026-07-17T12-40-55.813790.json,25,1727,4665,ups
baseline_C12_combo_A_seed2,session_2026-07-17T12-40-55.813790.json,26,1791,4665,wlk
baseline_C12_combo_A_seed2,session_2026-07-17T12-40-55.813790.json,27,1855,4665,wlk
baseline_C12_combo_A_seed2,session_2026-07-17T12-40-55.813790.json,28,1919,4665,wlk
baseline_C12_combo_A_seed2,session_2026-07-17T12-40-55.813790.json,29,1983,4665,wlk
baseline_C12_combo_A_seed2,session_2026-07-17T12-40-55.813790.json,30,2047,4665,wlk
baseline_C12_combo_A_seed2,session_2026-07-17T12-40-55.813790.json,31,2111,4665,wlk
baseline_C12_combo_A_seed2,session_2026-07-17T12-40-55.813790.json,32,2175,4665,ups
baseline_C12_combo_A_seed2,session_2026-07-17T12-40-55.813790.json,33,2239,4665,wlk
baseline_C12_combo_A_seed2,session_2026-07-17T12-40-55.813790.json,34,2303,4665,wlk
baseline_C12_combo_A_seed2,session_2026-07-17T12-40-55.813790.json,35,2367,4665,wlk
baseline_C12_combo_A_seed2,session_2026-07-17T12-40-55.813790.json,36,2431,4665,wlk
baseline_C12_combo_A_seed2,session_2026-07-17T12-40-55.813790.json,37,2495,4665,wlk
baseline_C12_combo_A_seed2,session_2026-07-17T12-40-55.813790.json,38,2559,4665,wlk
baseline_C12_combo_A_seed2,session_2026-07-17T12-40-55.813790.json,39,2623,4665,ups
baseline_C12_combo_A_seed2,session_2026-07-17T12-40-55.813790.json,40,2687,4665,ups
baseline_C12_combo_A_seed2,session_2026-07-17T12-40-55.813790.json,41,2751,4665,wlk
baseline_C12_combo_A_seed2,session_2026-07-17T12-40-55.813790.json,42,2815,4665,ups
baseline_C12_combo_A_seed2,session_2026-07-17T12-40-55.813790.json,43,2879,4665,ups
baseline_C12_combo_A_seed2,session_2026-07-17T12-40-55.813790.json,44,2943,4665,ups
baseline_C12_combo_A_seed2,session_2026-07-17T12-40-55.813790.json,45,3007,4665,ups
baseline_C12_combo_A_seed2,session_2026-07-17T12-40-55.813790.json,46,3071,4665,wlk
baseline_C12_combo_A_seed2,session_2026-07-17T12-40-55.813790.json,47,3135,4665,wlk
baseline_C12_combo_A_seed2,session_2026-07-17T12-40-55.813790.json,48,3199,4665,wlk
baseline_C12_combo_A_seed2,session_2026-07-17T12-40-55.813790.json,49,3263,4665,wlk
baseline_C12_combo_A_seed2,session_2026-07-17T12-40-55.813790.json,50,3327,4665,wlk
baseline_C12_combo_A_seed2,session_2026-07-17T12-40-55.813790.json,51,3391,4665,wlk
baseline_C12_combo_A_seed2,session_2026-07-17T12-40-55.813790.json,52,3455,4665,ups
baseline_C12_combo_A_seed2,session_2026-07-17T12-40-55.813790.json,53,3519,4665,wlk
baseline_C12_combo_A_seed2,session_2026-07-17T12-40-55.813790.json,54,3583,4665,wlk
baseline_C12_combo_A_seed2,session_2026-07-17T12-40-55.813790.json,55,3647,4665,ups
baseline_C12_combo_A_seed2,session_2026-07-17T12-40-55.813790.json,56,3711,4665,wlk
baseline_C12_combo_A_seed2,session_2026-07-17T12-40-55.813790.json,57,3775,4665,ups
baseline_C12_combo_A_seed2,session_2026-07-17T12-40-55.813790.json,58,3839,4665,ups
baseline_C12_combo_A_seed2,session_2026-07-17T12-40-55.813790.json,59,3903,4665,wlk
baseline_C12_combo_A_seed2,session_2026-07-17T12-40-55.813790.json,60,3967,4665,wlk
baseline_C12_combo_A_seed2,session_2026-07-17T12-40-55.813790.json,61,4031,4665,wlk
baseline_C12_combo_A_seed2,session_2026-07-17T12-40-55.813790.json,62,4095,4665,wlk
baseline_C12_combo_A_seed2,session_2026-07-17T12-40-55.813790.json,63,4159,4665,ups
baseline_C12_combo_A_seed2,session_2026-07-17T12-40-55.813790.json,64,4223,4665,ups
baseline_C12_combo_A_seed2,session_2026-07-17T12-40-55.813790.json,65,4287,4665,ups
baseline_C12_combo_A_seed2,session_2026-07-17T12-40-55.813790.json,66,4351,4665,std
baseline_C12_combo_A_seed2,session_2026-07-17T12-40-55.813790.json,67,4415,4665,sit
baseline_C12_combo_A_seed2,session_2026-07-17T12-40-55.813790.json,68,4479,4665,sit
baseline_C12_combo_A_seed2,session_2026-07-17T12-40-55.813790.json,69,4543,4665,std
baseline_C12_combo_A_seed2,session_2026-07-17T12-40-55.813790.json,70,4607,4665,std
baseline_C12_combo_A_seed2,session_2026-07-17T14-39-47.700239.json,0,127,2360,ups
baseline_C12_combo_A_seed2,session_2026-07-17T14-39-47.700239.json,1,191,2360,ups
baseline_C12_combo_A_seed2,session_2026-07-17T14-39-47.700239.json,2,255,2360,ups
baseline_C12_combo_A_seed2,session_2026-07-17T14-39-47.700239.json,3,319,2360,wlk
baseline_C12_combo_A_seed2,session_2026-07-17T14-39-47.700239.json,4,383,2360,wlk
baseline_C12_combo_A_seed2,session_2026-07-17T14-39-47.700239.json,5,447,2360,wlk
baseline_C12_combo_A_seed2,session_2026-07-17T14-39-47.700239.json,6,511,2360,wlk
baseline_C12_combo_A_seed2,session_2026-07-17T14-39-47.700239.json,7,575,2360,ups
baseline_C12_combo_A_seed2,session_2026-07-17T14-39-47.700239.json,8,639,2360,wlk
baseline_C12_combo_A_seed2,session_2026-07-17T14-39-47.700239.json,9,703,2360,wlk
baseline_C12_combo_A_seed2,session_2026-07-17T14-39-47.700239.json,10,767,2360,wlk
baseline_C12_combo_A_seed2,session_2026-07-17T14-39-47.700239.json,11,831,2360,wlk
baseline_C12_combo_A_seed2,session_2026-07-17T14-39-47.700239.json,12,895,2360,wlk
baseline_C12_combo_A_seed2,session_2026-07-17T14-39-47.700239.json,13,959,2360,wlk
baseline_C12_combo_A_seed2,session_2026-07-17T14-39-47.700239.json,14,1023,2360,wlk
baseline_C12_combo_A_seed2,session_2026-07-17T14-39-47.700239.json,15,1087,2360,wlk
baseline_C12_combo_A_seed2,session_2026-07-17T14-39-47.700239.json,16,1151,2360,ups
baseline_C12_combo_A_seed2,session_2026-07-17T14-39-47.700239.json,17,1215,2360,wlk
baseline_C12_combo_A_seed2,session_2026-07-17T14-39-47.700239.json,18,1279,2360,wlk
baseline_C12_combo_A_seed2,session_2026-07-17T14-39-47.700239.json,19,1343,2360,wlk
baseline_C12_combo_A_seed2,session_2026-07-17T14-39-47.700239.json,20,1407,2360,wlk
baseline_C12_combo_A_seed2,session_2026-07-17T14-39-47.700239.json,21,1471,2360,wlk
baseline_C12_combo_A_seed2,session_2026-07-17T14-39-47.700239.json,22,1535,2360,wlk
baseline_C12_combo_A_seed2,session_2026-07-17T14-39-47.700239.json,23,1599,2360,wlk
baseline_C12_combo_A_seed2,session_2026-07-17T14-39-47.700239.json,24,1663,2360,wlk
baseline_C12_combo_A_seed2,session_2026-07-17T14-39-47.700239.json,25,1727,2360,wlk
baseline_C12_combo_A_seed2,session_2026-07-17T14-39-47.700239.json,26,1791,2360,wlk
baseline_C12_combo_A_seed2,session_2026-07-17T14-39-47.700239.json,27,1855,2360,wlk
baseline_C12_combo_A_seed2,session_2026-07-17T14-39-47.700239.json,28,1919,2360,wlk
baseline_C12_combo_A_seed2,session_2026-07-17T14-39-47.700239.json,29,1983,2360,wlk
baseline_C12_combo_A_seed2,session_2026-07-17T14-39-47.700239.json,30,2047,2360,std
baseline_C12_combo_A_seed2,session_2026-07-17T14-39-47.700239.json,31,2111,2360,sit
baseline_C12_combo_A_seed2,session_2026-07-17T14-39-47.700239.json,32,2175,2360,std
baseline_C12_combo_A_seed2,session_2026-07-17T14-39-47.700239.json,33,2239,2360,sit
baseline_C12_combo_A_seed2,session_2026-07-17T14-39-47.700239.json,34,2303,2360,std
baseline_C12_combo_A_seed2,session_2026-07-17T14-41-25.520883.json,0,127,1863,ups
baseline_C12_combo_A_seed2,session_2026-07-17T14-41-25.520883.json,1,191,1863,wlk
baseline_C12_combo_A_seed2,session_2026-07-17T14-41-25.520883.json,2,255,1863,wlk
baseline_C12_combo_A_seed2,session_2026-07-17T14-41-25.520883.json,3,319,1863,wlk
baseline_C12_combo_A_seed2,session_2026-07-17T14-41-25.520883.json,4,383,1863,wlk
baseline_C12_combo_A_seed2,session_2026-07-17T14-41-25.520883.json,5,447,1863,wlk
baseline_C12_combo_A_seed2,session_2026-07-17T14-41-25.520883.json,6,511,1863,ups
baseline_C12_combo_A_seed2,session_2026-07-17T14-41-25.520883.json,7,575,1863,wlk
baseline_C12_combo_A_seed2,session_2026-07-17T14-41-25.520883.json,8,639,1863,ups
baseline_C12_combo_A_seed2,session_2026-07-17T14-41-25.520883.json,9,703,1863,ups
baseline_C12_combo_A_seed2,session_2026-07-17T14-41-25.520883.json,10,767,1863,wlk
baseline_C12_combo_A_seed2,session_2026-07-17T14-41-25.520883.json,11,831,1863,wlk
baseline_C12_combo_A_seed2,session_2026-07-17T14-41-25.520883.json,12,895,1863,wlk
baseline_C12_combo_A_seed2,session_2026-07-17T14-41-25.520883.json,13,959,1863,wlk
baseline_C12_combo_A_seed2,session_2026-07-17T14-41-25.520883.json,14,1023,1863,ups
baseline_C12_combo_A_seed2,session_2026-07-17T14-41-25.520883.json,15,1087,1863,ups
baseline_C12_combo_A_seed2,session_2026-07-17T14-41-25.520883.json,16,1151,1863,ups
baseline_C12_combo_A_seed2,session_2026-07-17T14-41-25.520883.json,17,1215,1863,ups
baseline_C12_combo_A_seed2,session_2026-07-17T14-41-25.520883.json,18,1279,1863,ups
baseline_C12_combo_A_seed2,session_2026-07-17T14-41-25.520883.json,19,1343,1863,ups
baseline_C12_combo_A_seed2,session_2026-07-17T14-41-25.520883.json,20,1407,1863,wlk
baseline_C12_combo_A_seed2,session_2026-07-17T14-41-25.520883.json,21,1471,1863,wlk
baseline_C12_combo_A_seed2,session_2026-07-17T14-41-25.520883.json,22,1535,1863,wlk
baseline_C12_combo_A_seed2,session_2026-07-17T14-41-25.520883.json,23,1599,1863,wlk
baseline_C12_combo_A_seed2,session_2026-07-17T14-41-25.520883.json,24,1663,1863,std
baseline_C12_combo_A_seed2,session_2026-07-17T14-41-25.520883.json,25,1727,1863,sit
baseline_C12_combo_A_seed2,session_2026-07-17T14-41-25.520883.json,26,1791,1863,std
baseline_C12_combo_A_seed2,session_2026-07-17T14-41-25.520883.json,27,1855,1863,sit
baseline_C12_combo_A_seed2,session_2026-07-22T14-31-33.468306.json,0,127,1036,ups
baseline_C12_combo_A_seed2,session_2026-07-22T14-31-33.468306.json,1,191,1036,ups
baseline_C12_combo_A_seed2,session_2026-07-22T14-31-33.468306.json,2,255,1036,wlk
baseline_C12_combo_A_seed2,session_2026-07-22T14-31-33.468306.json,3,319,1036,wlk
baseline_C12_combo_A_seed2,session_2026-07-22T14-31-33.468306.json,4,383,1036,wlk
baseline_C12_combo_A_seed2,session_2026-07-22T14-31-33.468306.json,5,447,1036,wlk
baseline_C12_combo_A_seed2,session_2026-07-22T14-31-33.468306.json,6,511,1036,wlk
baseline_C12_combo_A_seed2,session_2026-07-22T14-31-33.468306.json,7,575,1036,wlk
baseline_C12_combo_A_seed2,session_2026-07-22T14-31-33.468306.json,8,639,1036,wlk
baseline_C12_combo_A_seed2,session_2026-07-22T14-31-33.468306.json,9,703,1036,ups
baseline_C12_combo_A_seed2,session_2026-07-22T14-31-33.468306.json,10,767,1036,dws
baseline_C12_combo_A_seed2,session_2026-07-22T14-31-33.468306.json,11,831,1036,ups
baseline_C12_combo_A_seed2,session_2026-07-22T14-31-33.468306.json,12,895,1036,std
baseline_C12_combo_A_seed2,session_2026-07-22T14-31-33.468306.json,13,959,1036,sit
baseline_C12_combo_A_seed2,session_2026-07-22T14-31-33.468306.json,14,1023,1036,sit
baseline_C12_combo_A_seed2,session_2026-07-22T14-35-18.292706.json,0,127,1038,wlk
baseline_C12_combo_A_seed2,session_2026-07-22T14-35-18.292706.json,1,191,1038,wlk
baseline_C12_combo_A_seed2,session_2026-07-22T14-35-18.292706.json,2,255,1038,ups
baseline_C12_combo_A_seed2,session_2026-07-22T14-35-18.292706.json,3,319,1038,wlk
baseline_C12_combo_A_seed2,session_2026-07-22T14-35-18.292706.json,4,383,1038,wlk
baseline_C12_combo_A_seed2,session_2026-07-22T14-35-18.292706.json,5,447,1038,wlk
baseline_C12_combo_A_seed2,session_2026-07-22T14-35-18.292706.json,6,511,1038,wlk
baseline_C12_combo_A_seed2,session_2026-07-22T14-35-18.292706.json,7,575,1038,wlk
baseline_C12_combo_A_seed2,session_2026-07-22T14-35-18.292706.json,8,639,1038,wlk
baseline_C12_combo_A_seed2,session_2026-07-22T14-35-18.292706.json,9,703,1038,ups
baseline_C12_combo_A_seed2,session_2026-07-22T14-35-18.292706.json,10,767,1038,sit
baseline_C12_combo_A_seed2,session_2026-07-22T14-35-18.292706.json,11,831,1038,sit
baseline_C12_combo_A_seed2,session_2026-07-22T14-35-18.292706.json,12,895,1038,sit
baseline_C12_combo_A_seed2,session_2026-07-22T14-35-18.292706.json,13,959,1038,sit
baseline_C12_combo_A_seed2,session_2026-07-22T14-35-18.292706.json,14,1023,1038,sit
baseline_C12_combo_A_seed2,session_2026-07-22T14-36-54.077805.json,0,127,1067,ups
baseline_C12_combo_A_seed2,session_2026-07-22T14-36-54.077805.json,1,191,1067,ups
baseline_C12_combo_A_seed2,session_2026-07-22T14-36-54.077805.json,2,255,1067,wlk
baseline_C12_combo_A_seed2,session_2026-07-22T14-36-54.077805.json,3,319,1067,wlk
baseline_C12_combo_A_seed2,session_2026-07-22T14-36-54.077805.json,4,383,1067,wlk
baseline_C12_combo_A_seed2,session_2026-07-22T14-36-54.077805.json,5,447,1067,wlk
baseline_C12_combo_A_seed2,session_2026-07-22T14-36-54.077805.json,6,511,1067,wlk
baseline_C12_combo_A_seed2,session_2026-07-22T14-36-54.077805.json,7,575,1067,wlk
baseline_C12_combo_A_seed2,session_2026-07-22T14-36-54.077805.json,8,639,1067,wlk
baseline_C12_combo_A_seed2,session_2026-07-22T14-36-54.077805.json,9,703,1067,wlk
baseline_C12_combo_A_seed2,session_2026-07-22T14-36-54.077805.json,10,767,1067,std
baseline_C12_combo_A_seed2,session_2026-07-22T14-36-54.077805.json,11,831,1067,std
baseline_C12_combo_A_seed2,session_2026-07-22T14-36-54.077805.json,12,895,1067,sit
baseline_C12_combo_A_seed2,session_2026-07-22T14-36-54.077805.json,13,959,1067,sit
baseline_C12_combo_A_seed2,session_2026-07-22T14-36-54.077805.json,14,1023,1067,sit
baseline_C12_combo_A_seed2,session_2026-07-22T14-38-05.221747.json,0,127,1236,wlk
baseline_C12_combo_A_seed2,session_2026-07-22T14-38-05.221747.json,1,191,1236,ups
baseline_C12_combo_A_seed2,session_2026-07-22T14-38-05.221747.json,2,255,1236,wlk
baseline_C12_combo_A_seed2,session_2026-07-22T14-38-05.221747.json,3,319,1236,wlk
baseline_C12_combo_A_seed2,session_2026-07-22T14-38-05.221747.json,4,383,1236,wlk
baseline_C12_combo_A_seed2,session_2026-07-22T14-38-05.221747.json,5,447,1236,wlk
baseline_C12_combo_A_seed2,session_2026-07-22T14-38-05.221747.json,6,511,1236,wlk
baseline_C12_combo_A_seed2,session_2026-07-22T14-38-05.221747.json,7,575,1236,wlk
baseline_C12_combo_A_seed2,session_2026-07-22T14-38-05.221747.json,8,639,1236,wlk
baseline_C12_combo_A_seed2,session_2026-07-22T14-38-05.221747.json,9,703,1236,wlk
baseline_C12_combo_A_seed2,session_2026-07-22T14-38-05.221747.json,10,767,1236,sit
baseline_C12_combo_A_seed2,session_2026-07-22T14-38-05.221747.json,11,831,1236,std
baseline_C12_combo_A_seed2,session_2026-07-22T14-38-05.221747.json,12,895,1236,std
baseline_C12_combo_A_seed2,session_2026-07-22T14-38-05.221747.json,13,959,1236,sit
baseline_C12_combo_A_seed2,session_2026-07-22T14-38-05.221747.json,14,1023,1236,sit
baseline_C12_combo_A_seed2,session_2026-07-22T14-38-05.221747.json,15,1087,1236,sit
baseline_C12_combo_A_seed2,session_2026-07-22T14-38-05.221747.json,16,1151,1236,sit
baseline_C12_combo_A_seed2,session_2026-07-22T14-38-05.221747.json,17,1215,1236,sit
baseline_C12_combo_A_seed2,session_2026-07-22T14-39-41.350716.json,0,127,872,wlk
baseline_C12_combo_A_seed2,session_2026-07-22T14-39-41.350716.json,1,191,872,wlk
baseline_C12_combo_A_seed2,session_2026-07-22T14-39-41.350716.json,2,255,872,wlk
baseline_C12_combo_A_seed2,session_2026-07-22T14-39-41.350716.json,3,319,872,wlk
baseline_C12_combo_A_seed2,session_2026-07-22T14-39-41.350716.json,4,383,872,wlk
baseline_C12_combo_A_seed2,session_2026-07-22T14-39-41.350716.json,5,447,872,wlk
baseline_C12_combo_A_seed2,session_2026-07-22T14-39-41.350716.json,6,511,872,wlk
baseline_C12_combo_A_seed2,session_2026-07-22T14-39-41.350716.json,7,575,872,wlk
baseline_C12_combo_A_seed2,session_2026-07-22T14-39-41.350716.json,8,639,872,wlk
baseline_C12_combo_A_seed2,session_2026-07-22T14-39-41.350716.json,9,703,872,sit
baseline_C12_combo_A_seed2,session_2026-07-22T14-39-41.350716.json,10,767,872,std
baseline_C12_combo_A_seed2,session_2026-07-22T14-39-41.350716.json,11,831,872,std
baseline_C12_combo_A_seed2,session_2026-07-22T14-40-42.415662.json,0,127,1173,ups
baseline_C12_combo_A_seed2,session_2026-07-22T14-40-42.415662.json,1,191,1173,ups
baseline_C12_combo_A_seed2,session_2026-07-22T14-40-42.415662.json,2,255,1173,ups
baseline_C12_combo_A_seed2,session_2026-07-22T14-40-42.415662.json,3,319,1173,ups
baseline_C12_combo_A_seed2,session_2026-07-22T14-40-42.415662.json,4,383,1173,ups
baseline_C12_combo_A_seed2,session_2026-07-22T14-40-42.415662.json,5,447,1173,ups
baseline_C12_combo_A_seed2,session_2026-07-22T14-40-42.415662.json,6,511,1173,ups
baseline_C12_combo_A_seed2,session_2026-07-22T14-40-42.415662.json,7,575,1173,ups
baseline_C12_combo_A_seed2,session_2026-07-22T14-40-42.415662.json,8,639,1173,ups
baseline_C12_combo_A_seed2,session_2026-07-22T14-40-42.415662.json,9,703,1173,ups
baseline_C12_combo_A_seed2,session_2026-07-22T14-40-42.415662.json,10,767,1173,ups
baseline_C12_combo_A_seed2,session_2026-07-22T14-40-42.415662.json,11,831,1173,ups
baseline_C12_combo_A_seed2,session_2026-07-22T14-40-42.415662.json,12,895,1173,std
baseline_C12_combo_A_seed2,session_2026-07-22T14-40-42.415662.json,13,959,1173,sit
baseline_C12_combo_A_seed2,session_2026-07-22T14-40-42.415662.json,14,1023,1173,std
baseline_C12_combo_A_seed2,session_2026-07-22T14-40-42.415662.json,15,1087,1173,std
baseline_C12_combo_A_seed2,session_2026-07-22T14-40-42.415662.json,16,1151,1173,sit
baseline_C12_combo_A_seed2,session_2026-07-22T14-41-56.856929.json,0,127,1298,ups
baseline_C12_combo_A_seed2,session_2026-07-22T14-41-56.856929.json,1,191,1298,ups
baseline_C12_combo_A_seed2,session_2026-07-22T14-41-56.856929.json,2,255,1298,wlk
baseline_C12_combo_A_seed2,session_2026-07-22T14-41-56.856929.json,3,319,1298,wlk
baseline_C12_combo_A_seed2,session_2026-07-22T14-41-56.856929.json,4,383,1298,wlk
baseline_C12_combo_A_seed2,session_2026-07-22T14-41-56.856929.json,5,447,1298,wlk
baseline_C12_combo_A_seed2,session_2026-07-22T14-41-56.856929.json,6,511,1298,ups
baseline_C12_combo_A_seed2,session_2026-07-22T14-41-56.856929.json,7,575,1298,wlk
baseline_C12_combo_A_seed2,session_2026-07-22T14-41-56.856929.json,8,639,1298,wlk
baseline_C12_combo_A_seed2,session_2026-07-22T14-41-56.856929.json,9,703,1298,wlk
baseline_C12_combo_A_seed2,session_2026-07-22T14-41-56.856929.json,10,767,1298,wlk
baseline_C12_combo_A_seed2,session_2026-07-22T14-41-56.856929.json,11,831,1298,wlk
baseline_C12_combo_A_seed2,session_2026-07-22T14-41-56.856929.json,12,895,1298,wlk
baseline_C12_combo_A_seed2,session_2026-07-22T14-41-56.856929.json,13,959,1298,wlk
baseline_C12_combo_A_seed2,session_2026-07-22T14-41-56.856929.json,14,1023,1298,wlk
baseline_C12_combo_A_seed2,session_2026-07-22T14-41-56.856929.json,15,1087,1298,sit
baseline_C12_combo_A_seed2,session_2026-07-22T14-41-56.856929.json,16,1151,1298,sit
baseline_C12_combo_A_seed2,session_2026-07-22T14-41-56.856929.json,17,1215,1298,sit
baseline_C12_combo_A_seed2,session_2026-07-22T14-41-56.856929.json,18,1279,1298,sit
baseline_C12_combo_A_seed2,session_2026-07-22T14-43-38.229716.json,0,127,1380,ups
baseline_C12_combo_A_seed2,session_2026-07-22T14-43-38.229716.json,1,191,1380,ups
baseline_C12_combo_A_seed2,session_2026-07-22T14-43-38.229716.json,2,255,1380,ups
baseline_C12_combo_A_seed2,session_2026-07-22T14-43-38.229716.json,3,319,1380,ups
baseline_C12_combo_A_seed2,session_2026-07-22T14-43-38.229716.json,4,383,1380,wlk
baseline_C12_combo_A_seed2,session_2026-07-22T14-43-38.229716.json,5,447,1380,ups
baseline_C12_combo_A_seed2,session_2026-07-22T14-43-38.229716.json,6,511,1380,ups
baseline_C12_combo_A_seed2,session_2026-07-22T14-43-38.229716.json,7,575,1380,ups
baseline_C12_combo_A_seed2,session_2026-07-22T14-43-38.229716.json,8,639,1380,ups
baseline_C12_combo_A_seed2,session_2026-07-22T14-43-38.229716.json,9,703,1380,ups
baseline_C12_combo_A_seed2,session_2026-07-22T14-43-38.229716.json,10,767,1380,wlk
baseline_C12_combo_A_seed2,session_2026-07-22T14-43-38.229716.json,11,831,1380,ups
baseline_C12_combo_A_seed2,session_2026-07-22T14-43-38.229716.json,12,895,1380,ups
baseline_C12_combo_A_seed2,session_2026-07-22T14-43-38.229716.json,13,959,1380,ups
baseline_C12_combo_A_seed2,session_2026-07-22T14-43-38.229716.json,14,1023,1380,ups
baseline_C12_combo_A_seed2,session_2026-07-22T14-43-38.229716.json,15,1087,1380,std
baseline_C12_combo_A_seed2,session_2026-07-22T14-43-38.229716.json,16,1151,1380,sit
baseline_C12_combo_A_seed2,session_2026-07-22T14-43-38.229716.json,17,1215,1380,sit
baseline_C12_combo_A_seed2,session_2026-07-22T14-43-38.229716.json,18,1279,1380,std
baseline_C12_combo_A_seed2,session_2026-07-22T14-43-38.229716.json,19,1343,1380,std
baseline_C12_combo_A_seed2,session_2026-07-22T14-44-47.287767.json,0,127,1412,ups
baseline_C12_combo_A_seed2,session_2026-07-22T14-44-47.287767.json,1,191,1412,wlk
baseline_C12_combo_A_seed2,session_2026-07-22T14-44-47.287767.json,2,255,1412,wlk
baseline_C12_combo_A_seed2,session_2026-07-22T14-44-47.287767.json,3,319,1412,wlk
baseline_C12_combo_A_seed2,session_2026-07-22T14-44-47.287767.json,4,383,1412,wlk
baseline_C12_combo_A_seed2,session_2026-07-22T14-44-47.287767.json,5,447,1412,wlk
baseline_C12_combo_A_seed2,session_2026-07-22T14-44-47.287767.json,6,511,1412,wlk
baseline_C12_combo_A_seed2,session_2026-07-22T14-44-47.287767.json,7,575,1412,wlk
baseline_C12_combo_A_seed2,session_2026-07-22T14-44-47.287767.json,8,639,1412,wlk
baseline_C12_combo_A_seed2,session_2026-07-22T14-44-47.287767.json,9,703,1412,wlk
baseline_C12_combo_A_seed2,session_2026-07-22T14-44-47.287767.json,10,767,1412,wlk
baseline_C12_combo_A_seed2,session_2026-07-22T14-44-47.287767.json,11,831,1412,wlk
baseline_C12_combo_A_seed2,session_2026-07-22T14-44-47.287767.json,12,895,1412,wlk
baseline_C12_combo_A_seed2,session_2026-07-22T14-44-47.287767.json,13,959,1412,wlk
baseline_C12_combo_A_seed2,session_2026-07-22T14-44-47.287767.json,14,1023,1412,std
baseline_C12_combo_A_seed2,session_2026-07-22T14-44-47.287767.json,15,1087,1412,std
baseline_C12_combo_A_seed2,session_2026-07-22T14-44-47.287767.json,16,1151,1412,std
baseline_C12_combo_A_seed2,session_2026-07-22T14-44-47.287767.json,17,1215,1412,sit
baseline_C12_combo_A_seed2,session_2026-07-22T14-44-47.287767.json,18,1279,1412,sit
baseline_C12_combo_A_seed2,session_2026-07-22T14-44-47.287767.json,19,1343,1412,sit
baseline_C12_combo_A_seed2,session_2026-07-22T14-44-47.287767.json,20,1407,1412,std
baseline_C12_combo_A_seed2,session_2026-07-22T14-45-55.828701.json,0,127,1344,ups
baseline_C12_combo_A_seed2,session_2026-07-22T14-45-55.828701.json,1,191,1344,ups
baseline_C12_combo_A_seed2,session_2026-07-22T14-45-55.828701.json,2,255,1344,wlk
baseline_C12_combo_A_seed2,session_2026-07-22T14-45-55.828701.json,3,319,1344,wlk
baseline_C12_combo_A_seed2,session_2026-07-22T14-45-55.828701.json,4,383,1344,ups
baseline_C12_combo_A_seed2,session_2026-07-22T14-45-55.828701.json,5,447,1344,ups
baseline_C12_combo_A_seed2,session_2026-07-22T14-45-55.828701.json,6,511,1344,ups
baseline_C12_combo_A_seed2,session_2026-07-22T14-45-55.828701.json,7,575,1344,wlk
baseline_C12_combo_A_seed2,session_2026-07-22T14-45-55.828701.json,8,639,1344,wlk
baseline_C12_combo_A_seed2,session_2026-07-22T14-45-55.828701.json,9,703,1344,ups
baseline_C12_combo_A_seed2,session_2026-07-22T14-45-55.828701.json,10,767,1344,ups
baseline_C12_combo_A_seed2,session_2026-07-22T14-45-55.828701.json,11,831,1344,wlk
baseline_C12_combo_A_seed2,session_2026-07-22T14-45-55.828701.json,12,895,1344,wlk
baseline_C12_combo_A_seed2,session_2026-07-22T14-45-55.828701.json,13,959,1344,wlk
baseline_C12_combo_A_seed2,session_2026-07-22T14-45-55.828701.json,14,1023,1344,sit
baseline_C12_combo_A_seed2,session_2026-07-22T14-45-55.828701.json,15,1087,1344,std
baseline_C12_combo_A_seed2,session_2026-07-22T14-45-55.828701.json,16,1151,1344,ups
baseline_C12_combo_A_seed2,session_2026-07-22T14-45-55.828701.json,17,1215,1344,sit
baseline_C12_combo_A_seed2,session_2026-07-22T14-45-55.828701.json,18,1279,1344,sit
baseline_C12_combo_A_seed2,session_2026-07-22T14-45-55.828701.json,19,1343,1344,sit
baseline_C12_combo_A_seed2,session_2026-07-22T14-47-19.853524.json,0,127,1132,ups
baseline_C12_combo_A_seed2,session_2026-07-22T14-47-19.853524.json,1,191,1132,wlk
baseline_C12_combo_A_seed2,session_2026-07-22T14-47-19.853524.json,2,255,1132,wlk
baseline_C12_combo_A_seed2,session_2026-07-22T14-47-19.853524.json,3,319,1132,wlk
baseline_C12_combo_A_seed2,session_2026-07-22T14-47-19.853524.json,4,383,1132,wlk
baseline_C12_combo_A_seed2,session_2026-07-22T14-47-19.853524.json,5,447,1132,wlk
baseline_C12_combo_A_seed2,session_2026-07-22T14-47-19.853524.json,6,511,1132,wlk
baseline_C12_combo_A_seed2,session_2026-07-22T14-47-19.853524.json,7,575,1132,wlk
baseline_C12_combo_A_seed2,session_2026-07-22T14-47-19.853524.json,8,639,1132,wlk
baseline_C12_combo_A_seed2,session_2026-07-22T14-47-19.853524.json,9,703,1132,wlk
baseline_C12_combo_A_seed2,session_2026-07-22T14-47-19.853524.json,10,767,1132,wlk
baseline_C12_combo_A_seed2,session_2026-07-22T14-47-19.853524.json,11,831,1132,wlk
baseline_C12_combo_A_seed2,session_2026-07-22T14-47-19.853524.json,12,895,1132,ups
baseline_C12_combo_A_seed2,session_2026-07-22T14-47-19.853524.json,13,959,1132,sit
baseline_C12_combo_A_seed2,session_2026-07-22T14-47-19.853524.json,14,1023,1132,sit
baseline_C12_combo_A_seed2,session_2026-07-22T14-47-19.853524.json,15,1087,1132,std
baseline_C12_combo_A_seed2,session_2026-07-22T14-48-38.490388.json,0,127,1533,ups
baseline_C12_combo_A_seed2,session_2026-07-22T14-48-38.490388.json,1,191,1533,ups
baseline_C12_combo_A_seed2,session_2026-07-22T14-48-38.490388.json,2,255,1533,ups
baseline_C12_combo_A_seed2,session_2026-07-22T14-48-38.490388.json,3,319,1533,ups
baseline_C12_combo_A_seed2,session_2026-07-22T14-48-38.490388.json,4,383,1533,ups
baseline_C12_combo_A_seed2,session_2026-07-22T14-48-38.490388.json,5,447,1533,ups
baseline_C12_combo_A_seed2,session_2026-07-22T14-48-38.490388.json,6,511,1533,ups
baseline_C12_combo_A_seed2,session_2026-07-22T14-48-38.490388.json,7,575,1533,ups
baseline_C12_combo_A_seed2,session_2026-07-22T14-48-38.490388.json,8,639,1533,ups
baseline_C12_combo_A_seed2,session_2026-07-22T14-48-38.490388.json,9,703,1533,ups
baseline_C12_combo_A_seed2,session_2026-07-22T14-48-38.490388.json,10,767,1533,ups
baseline_C12_combo_A_seed2,session_2026-07-22T14-48-38.490388.json,11,831,1533,ups
baseline_C12_combo_A_seed2,session_2026-07-22T14-48-38.490388.json,12,895,1533,ups
baseline_C12_combo_A_seed2,session_2026-07-22T14-48-38.490388.json,13,959,1533,ups
baseline_C12_combo_A_seed2,session_2026-07-22T14-48-38.490388.json,14,1023,1533,ups
baseline_C12_combo_A_seed2,session_2026-07-22T14-48-38.490388.json,15,1087,1533,ups
baseline_C12_combo_A_seed2,session_2026-07-22T14-48-38.490388.json,16,1151,1533,ups
baseline_C12_combo_A_seed2,session_2026-07-22T14-48-38.490388.json,17,1215,1533,ups
baseline_C12_combo_A_seed2,session_2026-07-22T14-48-38.490388.json,18,1279,1533,ups
baseline_C12_combo_A_seed2,session_2026-07-22T14-48-38.490388.json,19,1343,1533,std
baseline_C12_combo_A_seed2,session_2026-07-22T14-48-38.490388.json,20,1407,1533,std
baseline_C12_combo_A_seed2,session_2026-07-22T14-48-38.490388.json,21,1471,1533,std
baseline_C12_combo_A_seed3,session_2026-06-18T18-13-27.169816.json,0,127,642,dws
baseline_C12_combo_A_seed3,session_2026-06-18T18-13-27.169816.json,1,191,642,sit
baseline_C12_combo_A_seed3,session_2026-06-18T18-13-27.169816.json,2,255,642,sit
baseline_C12_combo_A_seed3,session_2026-06-18T18-13-27.169816.json,3,319,642,ups
baseline_C12_combo_A_seed3,session_2026-06-18T18-13-27.169816.json,4,383,642,wlk
baseline_C12_combo_A_seed3,session_2026-06-18T18-13-27.169816.json,5,447,642,wlk
baseline_C12_combo_A_seed3,session_2026-06-18T18-13-27.169816.json,6,511,642,wlk
baseline_C12_combo_A_seed3,session_2026-06-18T18-13-27.169816.json,7,575,642,sit
baseline_C12_combo_A_seed3,session_2026-06-18T18-13-27.169816.json,8,639,642,std
baseline_C12_combo_A_seed3,session_2026-06-24T17-04-30.009717.json,0,127,1596,sit
baseline_C12_combo_A_seed3,session_2026-06-24T17-04-30.009717.json,1,191,1596,std
baseline_C12_combo_A_seed3,session_2026-06-24T17-04-30.009717.json,2,255,1596,std
baseline_C12_combo_A_seed3,session_2026-06-24T17-04-30.009717.json,3,319,1596,ups
baseline_C12_combo_A_seed3,session_2026-06-24T17-04-30.009717.json,4,383,1596,wlk
baseline_C12_combo_A_seed3,session_2026-06-24T17-04-30.009717.json,5,447,1596,wlk
baseline_C12_combo_A_seed3,session_2026-06-24T17-04-30.009717.json,6,511,1596,ups
baseline_C12_combo_A_seed3,session_2026-06-24T17-04-30.009717.json,7,575,1596,ups
baseline_C12_combo_A_seed3,session_2026-06-24T17-04-30.009717.json,8,639,1596,wlk
baseline_C12_combo_A_seed3,session_2026-06-24T17-04-30.009717.json,9,703,1596,wlk
baseline_C12_combo_A_seed3,session_2026-06-24T17-04-30.009717.json,10,767,1596,ups
baseline_C12_combo_A_seed3,session_2026-06-24T17-04-30.009717.json,11,831,1596,ups
baseline_C12_combo_A_seed3,session_2026-06-24T17-04-30.009717.json,12,895,1596,ups
baseline_C12_combo_A_seed3,session_2026-06-24T17-04-30.009717.json,13,959,1596,wlk
baseline_C12_combo_A_seed3,session_2026-06-24T17-04-30.009717.json,14,1023,1596,wlk
baseline_C12_combo_A_seed3,session_2026-06-24T17-04-30.009717.json,15,1087,1596,wlk
baseline_C12_combo_A_seed3,session_2026-06-24T17-04-30.009717.json,16,1151,1596,wlk
baseline_C12_combo_A_seed3,session_2026-06-24T17-04-30.009717.json,17,1215,1596,ups
baseline_C12_combo_A_seed3,session_2026-06-24T17-04-30.009717.json,18,1279,1596,wlk
baseline_C12_combo_A_seed3,session_2026-06-24T17-04-30.009717.json,19,1343,1596,ups
baseline_C12_combo_A_seed3,session_2026-06-24T17-04-30.009717.json,20,1407,1596,wlk
baseline_C12_combo_A_seed3,session_2026-06-24T17-04-30.009717.json,21,1471,1596,std
baseline_C12_combo_A_seed3,session_2026-06-24T17-04-30.009717.json,22,1535,1596,std
baseline_C12_combo_A_seed3,session_2026-06-24T17-21-43.893895.json,0,127,1009,sit
baseline_C12_combo_A_seed3,session_2026-06-24T17-21-43.893895.json,1,191,1009,sit
baseline_C12_combo_A_seed3,session_2026-06-24T17-21-43.893895.json,2,255,1009,sit
baseline_C12_combo_A_seed3,session_2026-06-24T17-21-43.893895.json,3,319,1009,ups
baseline_C12_combo_A_seed3,session_2026-06-24T17-21-43.893895.json,4,383,1009,wlk
baseline_C12_combo_A_seed3,session_2026-06-24T17-21-43.893895.json,5,447,1009,wlk
baseline_C12_combo_A_seed3,session_2026-06-24T17-21-43.893895.json,6,511,1009,wlk
baseline_C12_combo_A_seed3,session_2026-06-24T17-21-43.893895.json,7,575,1009,wlk
baseline_C12_combo_A_seed3,session_2026-06-24T17-21-43.893895.json,8,639,1009,wlk
baseline_C12_combo_A_seed3,session_2026-06-24T17-21-43.893895.json,9,703,1009,wlk
baseline_C12_combo_A_seed3,session_2026-06-24T17-21-43.893895.json,10,767,1009,wlk
baseline_C12_combo_A_seed3,session_2026-06-24T17-21-43.893895.json,11,831,1009,std
baseline_C12_combo_A_seed3,session_2026-06-24T17-21-43.893895.json,12,895,1009,std
baseline_C12_combo_A_seed3,session_2026-06-24T17-21-43.893895.json,13,959,1009,std
baseline_C12_combo_A_seed3,session_2026-06-24T17-24-13.644396.json,0,127,2534,dws
baseline_C12_combo_A_seed3,session_2026-06-24T17-24-13.644396.json,1,191,2534,sit
baseline_C12_combo_A_seed3,session_2026-06-24T17-24-13.644396.json,2,255,2534,wlk
baseline_C12_combo_A_seed3,session_2026-06-24T17-24-13.644396.json,3,319,2534,wlk
baseline_C12_combo_A_seed3,session_2026-06-24T17-24-13.644396.json,4,383,2534,wlk
baseline_C12_combo_A_seed3,session_2026-06-24T17-24-13.644396.json,5,447,2534,wlk
baseline_C12_combo_A_seed3,session_2026-06-24T17-24-13.644396.json,6,511,2534,wlk
baseline_C12_combo_A_seed3,session_2026-06-24T17-24-13.644396.json,7,575,2534,wlk
baseline_C12_combo_A_seed3,session_2026-06-24T17-24-13.644396.json,8,639,2534,wlk
baseline_C12_combo_A_seed3,session_2026-06-24T17-24-13.644396.json,9,703,2534,wlk
baseline_C12_combo_A_seed3,session_2026-06-24T17-24-13.644396.json,10,767,2534,wlk
baseline_C12_combo_A_seed3,session_2026-06-24T17-24-13.644396.json,11,831,2534,wlk
baseline_C12_combo_A_seed3,session_2026-06-24T17-24-13.644396.json,12,895,2534,wlk
baseline_C12_combo_A_seed3,session_2026-06-24T17-24-13.644396.json,13,959,2534,wlk
baseline_C12_combo_A_seed3,session_2026-06-24T17-24-13.644396.json,14,1023,2534,wlk
baseline_C12_combo_A_seed3,session_2026-06-24T17-24-13.644396.json,15,1087,2534,wlk
baseline_C12_combo_A_seed3,session_2026-06-24T17-24-13.644396.json,16,1151,2534,wlk
baseline_C12_combo_A_seed3,session_2026-06-24T17-24-13.644396.json,17,1215,2534,wlk
baseline_C12_combo_A_seed3,session_2026-06-24T17-24-13.644396.json,18,1279,2534,wlk
baseline_C12_combo_A_seed3,session_2026-06-24T17-24-13.644396.json,19,1343,2534,wlk
baseline_C12_combo_A_seed3,session_2026-06-24T17-24-13.644396.json,20,1407,2534,ups
baseline_C12_combo_A_seed3,session_2026-06-24T17-24-13.644396.json,21,1471,2534,wlk
baseline_C12_combo_A_seed3,session_2026-06-24T17-24-13.644396.json,22,1535,2534,wlk
baseline_C12_combo_A_seed3,session_2026-06-24T17-24-13.644396.json,23,1599,2534,wlk
baseline_C12_combo_A_seed3,session_2026-06-24T17-24-13.644396.json,24,1663,2534,wlk
baseline_C12_combo_A_seed3,session_2026-06-24T17-24-13.644396.json,25,1727,2534,wlk
baseline_C12_combo_A_seed3,session_2026-06-24T17-24-13.644396.json,26,1791,2534,wlk
baseline_C12_combo_A_seed3,session_2026-06-24T17-24-13.644396.json,27,1855,2534,wlk
baseline_C12_combo_A_seed3,session_2026-06-24T17-24-13.644396.json,28,1919,2534,wlk
baseline_C12_combo_A_seed3,session_2026-06-24T17-24-13.644396.json,29,1983,2534,wlk
baseline_C12_combo_A_seed3,session_2026-06-24T17-24-13.644396.json,30,2047,2534,wlk
baseline_C12_combo_A_seed3,session_2026-06-24T17-24-13.644396.json,31,2111,2534,wlk
baseline_C12_combo_A_seed3,session_2026-06-24T17-24-13.644396.json,32,2175,2534,wlk
baseline_C12_combo_A_seed3,session_2026-06-24T17-24-13.644396.json,33,2239,2534,wlk
baseline_C12_combo_A_seed3,session_2026-06-24T17-24-13.644396.json,34,2303,2534,wlk
baseline_C12_combo_A_seed3,session_2026-06-24T17-24-13.644396.json,35,2367,2534,wlk
baseline_C12_combo_A_seed3,session_2026-06-24T17-24-13.644396.json,36,2431,2534,std
baseline_C12_combo_A_seed3,session_2026-06-24T17-24-13.644396.json,37,2495,2534,std
baseline_C12_combo_A_seed3,session_2026-06-24T17-25-30.213239.json,0,127,2613,dws
baseline_C12_combo_A_seed3,session_2026-06-24T17-25-30.213239.json,1,191,2613,sit
baseline_C12_combo_A_seed3,session_2026-06-24T17-25-30.213239.json,2,255,2613,std
baseline_C12_combo_A_seed3,session_2026-06-24T17-25-30.213239.json,3,319,2613,wlk
baseline_C12_combo_A_seed3,session_2026-06-24T17-25-30.213239.json,4,383,2613,wlk
baseline_C12_combo_A_seed3,session_2026-06-24T17-25-30.213239.json,5,447,2613,wlk
baseline_C12_combo_A_seed3,session_2026-06-24T17-25-30.213239.json,6,511,2613,wlk
baseline_C12_combo_A_seed3,session_2026-06-24T17-25-30.213239.json,7,575,2613,wlk
baseline_C12_combo_A_seed3,session_2026-06-24T17-25-30.213239.json,8,639,2613,wlk
baseline_C12_combo_A_seed3,session_2026-06-24T17-25-30.213239.json,9,703,2613,wlk
baseline_C12_combo_A_seed3,session_2026-06-24T17-25-30.213239.json,10,767,2613,wlk
baseline_C12_combo_A_seed3,session_2026-06-24T17-25-30.213239.json,11,831,2613,wlk
baseline_C12_combo_A_seed3,session_2026-06-24T17-25-30.213239.json,12,895,2613,wlk
baseline_C12_combo_A_seed3,session_2026-06-24T17-25-30.213239.json,13,959,2613,wlk
baseline_C12_combo_A_seed3,session_2026-06-24T17-25-30.213239.json,14,1023,2613,wlk
baseline_C12_combo_A_seed3,session_2026-06-24T17-25-30.213239.json,15,1087,2613,wlk
baseline_C12_combo_A_seed3,session_2026-06-24T17-25-30.213239.json,16,1151,2613,wlk
baseline_C12_combo_A_seed3,session_2026-06-24T17-25-30.213239.json,17,1215,2613,wlk
baseline_C12_combo_A_seed3,session_2026-06-24T17-25-30.213239.json,18,1279,2613,wlk
baseline_C12_combo_A_seed3,session_2026-06-24T17-25-30.213239.json,19,1343,2613,wlk
baseline_C12_combo_A_seed3,session_2026-06-24T17-25-30.213239.json,20,1407,2613,wlk
baseline_C12_combo_A_seed3,session_2026-06-24T17-25-30.213239.json,21,1471,2613,wlk
baseline_C12_combo_A_seed3,session_2026-06-24T17-25-30.213239.json,22,1535,2613,wlk
baseline_C12_combo_A_seed3,session_2026-06-24T17-25-30.213239.json,23,1599,2613,wlk
baseline_C12_combo_A_seed3,session_2026-06-24T17-25-30.213239.json,24,1663,2613,wlk
baseline_C12_combo_A_seed3,session_2026-06-24T17-25-30.213239.json,25,1727,2613,wlk
baseline_C12_combo_A_seed3,session_2026-06-24T17-25-30.213239.json,26,1791,2613,wlk
baseline_C12_combo_A_seed3,session_2026-06-24T17-25-30.213239.json,27,1855,2613,wlk
baseline_C12_combo_A_seed3,session_2026-06-24T17-25-30.213239.json,28,1919,2613,wlk
baseline_C12_combo_A_seed3,session_2026-06-24T17-25-30.213239.json,29,1983,2613,wlk
baseline_C12_combo_A_seed3,session_2026-06-24T17-25-30.213239.json,30,2047,2613,wlk
baseline_C12_combo_A_seed3,session_2026-06-24T17-25-30.213239.json,31,2111,2613,wlk
baseline_C12_combo_A_seed3,session_2026-06-24T17-25-30.213239.json,32,2175,2613,wlk
baseline_C12_combo_A_seed3,session_2026-06-24T17-25-30.213239.json,33,2239,2613,wlk
baseline_C12_combo_A_seed3,session_2026-06-24T17-25-30.213239.json,34,2303,2613,wlk
baseline_C12_combo_A_seed3,session_2026-06-24T17-25-30.213239.json,35,2367,2613,wlk
baseline_C12_combo_A_seed3,session_2026-06-24T17-25-30.213239.json,36,2431,2613,wlk
baseline_C12_combo_A_seed3,session_2026-06-24T17-25-30.213239.json,37,2495,2613,std
baseline_C12_combo_A_seed3,session_2026-06-24T17-25-30.213239.json,38,2559,2613,std
baseline_C12_combo_A_seed3,session_2026-06-27T19-25-21.678232.json,0,127,919,std
baseline_C12_combo_A_seed3,session_2026-06-27T19-25-21.678232.json,1,191,919,sit
baseline_C12_combo_A_seed3,session_2026-06-27T19-25-21.678232.json,2,255,919,sit
baseline_C12_combo_A_seed3,session_2026-06-27T19-25-21.678232.json,3,319,919,sit
baseline_C12_combo_A_seed3,session_2026-06-27T19-25-21.678232.json,4,383,919,sit
baseline_C12_combo_A_seed3,session_2026-06-27T19-25-21.678232.json,5,447,919,wlk
baseline_C12_combo_A_seed3,session_2026-06-27T19-25-21.678232.json,6,511,919,wlk
baseline_C12_combo_A_seed3,session_2026-06-27T19-25-21.678232.json,7,575,919,wlk
baseline_C12_combo_A_seed3,session_2026-06-27T19-25-21.678232.json,8,639,919,wlk
baseline_C12_combo_A_seed3,session_2026-06-27T19-25-21.678232.json,9,703,919,wlk
baseline_C12_combo_A_seed3,session_2026-06-27T19-25-21.678232.json,10,767,919,std
baseline_C12_combo_A_seed3,session_2026-06-27T19-25-21.678232.json,11,831,919,std
baseline_C12_combo_A_seed3,session_2026-06-27T19-25-21.678232.json,12,895,919,std
baseline_C12_combo_A_seed3,session_2026-06-27T19-46-36.461282.json,0,127,1801,sit
baseline_C12_combo_A_seed3,session_2026-06-27T19-46-36.461282.json,1,191,1801,std
baseline_C12_combo_A_seed3,session_2026-06-27T19-46-36.461282.json,2,255,1801,sit
baseline_C12_combo_A_seed3,session_2026-06-27T19-46-36.461282.json,3,319,1801,wlk
baseline_C12_combo_A_seed3,session_2026-06-27T19-46-36.461282.json,4,383,1801,wlk
baseline_C12_combo_A_seed3,session_2026-06-27T19-46-36.461282.json,5,447,1801,wlk
baseline_C12_combo_A_seed3,session_2026-06-27T19-46-36.461282.json,6,511,1801,wlk
baseline_C12_combo_A_seed3,session_2026-06-27T19-46-36.461282.json,7,575,1801,wlk
baseline_C12_combo_A_seed3,session_2026-06-27T19-46-36.461282.json,8,639,1801,wlk
baseline_C12_combo_A_seed3,session_2026-06-27T19-46-36.461282.json,9,703,1801,wlk
baseline_C12_combo_A_seed3,session_2026-06-27T19-46-36.461282.json,10,767,1801,wlk
baseline_C12_combo_A_seed3,session_2026-06-27T19-46-36.461282.json,11,831,1801,wlk
baseline_C12_combo_A_seed3,session_2026-06-27T19-46-36.461282.json,12,895,1801,std
baseline_C12_combo_A_seed3,session_2026-06-27T19-46-36.461282.json,13,959,1801,std
baseline_C12_combo_A_seed3,session_2026-06-27T19-46-36.461282.json,14,1023,1801,std
baseline_C12_combo_A_seed3,session_2026-06-27T19-46-36.461282.json,15,1087,1801,wlk
baseline_C12_combo_A_seed3,session_2026-06-27T19-46-36.461282.json,16,1151,1801,wlk
baseline_C12_combo_A_seed3,session_2026-06-27T19-46-36.461282.json,17,1215,1801,wlk
baseline_C12_combo_A_seed3,session_2026-06-27T19-46-36.461282.json,18,1279,1801,wlk
baseline_C12_combo_A_seed3,session_2026-06-27T19-46-36.461282.json,19,1343,1801,wlk
baseline_C12_combo_A_seed3,session_2026-06-27T19-46-36.461282.json,20,1407,1801,wlk
baseline_C12_combo_A_seed3,session_2026-06-27T19-46-36.461282.json,21,1471,1801,wlk
baseline_C12_combo_A_seed3,session_2026-06-27T19-46-36.461282.json,22,1535,1801,wlk
baseline_C12_combo_A_seed3,session_2026-06-27T19-46-36.461282.json,23,1599,1801,sit
baseline_C12_combo_A_seed3,session_2026-06-27T19-46-36.461282.json,24,1663,1801,sit
baseline_C12_combo_A_seed3,session_2026-06-27T19-46-36.461282.json,25,1727,1801,std
baseline_C12_combo_A_seed3,session_2026-06-27T19-46-36.461282.json,26,1791,1801,std
baseline_C12_combo_A_seed3,session_2026-06-30T08-17-07.003351.json,0,127,5637,sit
baseline_C12_combo_A_seed3,session_2026-06-30T08-17-07.003351.json,1,191,5637,dws
baseline_C12_combo_A_seed3,session_2026-06-30T08-17-07.003351.json,2,255,5637,wlk
baseline_C12_combo_A_seed3,session_2026-06-30T08-17-07.003351.json,3,319,5637,wlk
baseline_C12_combo_A_seed3,session_2026-06-30T08-17-07.003351.json,4,383,5637,wlk
baseline_C12_combo_A_seed3,session_2026-06-30T08-17-07.003351.json,5,447,5637,wlk
baseline_C12_combo_A_seed3,session_2026-06-30T08-17-07.003351.json,6,511,5637,wlk
baseline_C12_combo_A_seed3,session_2026-06-30T08-17-07.003351.json,7,575,5637,wlk
baseline_C12_combo_A_seed3,session_2026-06-30T08-17-07.003351.json,8,639,5637,wlk
baseline_C12_combo_A_seed3,session_2026-06-30T08-17-07.003351.json,9,703,5637,wlk
baseline_C12_combo_A_seed3,session_2026-06-30T08-17-07.003351.json,10,767,5637,wlk
baseline_C12_combo_A_seed3,session_2026-06-30T08-17-07.003351.json,11,831,5637,wlk
baseline_C12_combo_A_seed3,session_2026-06-30T08-17-07.003351.json,12,895,5637,wlk
baseline_C12_combo_A_seed3,session_2026-06-30T08-17-07.003351.json,13,959,5637,wlk
baseline_C12_combo_A_seed3,session_2026-06-30T08-17-07.003351.json,14,1023,5637,wlk
baseline_C12_combo_A_seed3,session_2026-06-30T08-17-07.003351.json,15,1087,5637,wlk
baseline_C12_combo_A_seed3,session_2026-06-30T08-17-07.003351.json,16,1151,5637,wlk
baseline_C12_combo_A_seed3,session_2026-06-30T08-17-07.003351.json,17,1215,5637,wlk
baseline_C12_combo_A_seed3,session_2026-06-30T08-17-07.003351.json,18,1279,5637,wlk
baseline_C12_combo_A_seed3,session_2026-06-30T08-17-07.003351.json,19,1343,5637,wlk
baseline_C12_combo_A_seed3,session_2026-06-30T08-17-07.003351.json,20,1407,5637,wlk
baseline_C12_combo_A_seed3,session_2026-06-30T08-17-07.003351.json,21,1471,5637,wlk
baseline_C12_combo_A_seed3,session_2026-06-30T08-17-07.003351.json,22,1535,5637,wlk
baseline_C12_combo_A_seed3,session_2026-06-30T08-17-07.003351.json,23,1599,5637,wlk
baseline_C12_combo_A_seed3,session_2026-06-30T08-17-07.003351.json,24,1663,5637,wlk
baseline_C12_combo_A_seed3,session_2026-06-30T08-17-07.003351.json,25,1727,5637,wlk
baseline_C12_combo_A_seed3,session_2026-06-30T08-17-07.003351.json,26,1791,5637,wlk
baseline_C12_combo_A_seed3,session_2026-06-30T08-17-07.003351.json,27,1855,5637,wlk
baseline_C12_combo_A_seed3,session_2026-06-30T08-17-07.003351.json,28,1919,5637,wlk
baseline_C12_combo_A_seed3,session_2026-06-30T08-17-07.003351.json,29,1983,5637,wlk
baseline_C12_combo_A_seed3,session_2026-06-30T08-17-07.003351.json,30,2047,5637,wlk
baseline_C12_combo_A_seed3,session_2026-06-30T08-17-07.003351.json,31,2111,5637,wlk
baseline_C12_combo_A_seed3,session_2026-06-30T08-17-07.003351.json,32,2175,5637,wlk
baseline_C12_combo_A_seed3,session_2026-06-30T08-17-07.003351.json,33,2239,5637,wlk
baseline_C12_combo_A_seed3,session_2026-06-30T08-17-07.003351.json,34,2303,5637,wlk
baseline_C12_combo_A_seed3,session_2026-06-30T08-17-07.003351.json,35,2367,5637,wlk
baseline_C12_combo_A_seed3,session_2026-06-30T08-17-07.003351.json,36,2431,5637,wlk
baseline_C12_combo_A_seed3,session_2026-06-30T08-17-07.003351.json,37,2495,5637,wlk
baseline_C12_combo_A_seed3,session_2026-06-30T08-17-07.003351.json,38,2559,5637,wlk
baseline_C12_combo_A_seed3,session_2026-06-30T08-17-07.003351.json,39,2623,5637,wlk
baseline_C12_combo_A_seed3,session_2026-06-30T08-17-07.003351.json,40,2687,5637,wlk
baseline_C12_combo_A_seed3,session_2026-06-30T08-17-07.003351.json,41,2751,5637,wlk
baseline_C12_combo_A_seed3,session_2026-06-30T08-17-07.003351.json,42,2815,5637,wlk
baseline_C12_combo_A_seed3,session_2026-06-30T08-17-07.003351.json,43,2879,5637,wlk
baseline_C12_combo_A_seed3,session_2026-06-30T08-17-07.003351.json,44,2943,5637,wlk
baseline_C12_combo_A_seed3,session_2026-06-30T08-17-07.003351.json,45,3007,5637,wlk
baseline_C12_combo_A_seed3,session_2026-06-30T08-17-07.003351.json,46,3071,5637,wlk
baseline_C12_combo_A_seed3,session_2026-06-30T08-17-07.003351.json,47,3135,5637,wlk
baseline_C12_combo_A_seed3,session_2026-06-30T08-17-07.003351.json,48,3199,5637,wlk
baseline_C12_combo_A_seed3,session_2026-06-30T08-17-07.003351.json,49,3263,5637,wlk
baseline_C12_combo_A_seed3,session_2026-06-30T08-17-07.003351.json,50,3327,5637,wlk
baseline_C12_combo_A_seed3,session_2026-06-30T08-17-07.003351.json,51,3391,5637,wlk
baseline_C12_combo_A_seed3,session_2026-06-30T08-17-07.003351.json,52,3455,5637,wlk
baseline_C12_combo_A_seed3,session_2026-06-30T08-17-07.003351.json,53,3519,5637,wlk
baseline_C12_combo_A_seed3,session_2026-06-30T08-17-07.003351.json,54,3583,5637,wlk
baseline_C12_combo_A_seed3,session_2026-06-30T08-17-07.003351.json,55,3647,5637,wlk
baseline_C12_combo_A_seed3,session_2026-06-30T08-17-07.003351.json,56,3711,5637,wlk
baseline_C12_combo_A_seed3,session_2026-06-30T08-17-07.003351.json,57,3775,5637,wlk
baseline_C12_combo_A_seed3,session_2026-06-30T08-17-07.003351.json,58,3839,5637,wlk
baseline_C12_combo_A_seed3,session_2026-06-30T08-17-07.003351.json,59,3903,5637,wlk
baseline_C12_combo_A_seed3,session_2026-06-30T08-17-07.003351.json,60,3967,5637,wlk
baseline_C12_combo_A_seed3,session_2026-06-30T08-17-07.003351.json,61,4031,5637,wlk
baseline_C12_combo_A_seed3,session_2026-06-30T08-17-07.003351.json,62,4095,5637,wlk
baseline_C12_combo_A_seed3,session_2026-06-30T08-17-07.003351.json,63,4159,5637,wlk
baseline_C12_combo_A_seed3,session_2026-06-30T08-17-07.003351.json,64,4223,5637,wlk
baseline_C12_combo_A_seed3,session_2026-06-30T08-17-07.003351.json,65,4287,5637,wlk
baseline_C12_combo_A_seed3,session_2026-06-30T08-17-07.003351.json,66,4351,5637,wlk
baseline_C12_combo_A_seed3,session_2026-06-30T08-17-07.003351.json,67,4415,5637,wlk
baseline_C12_combo_A_seed3,session_2026-06-30T08-17-07.003351.json,68,4479,5637,wlk
baseline_C12_combo_A_seed3,session_2026-06-30T08-17-07.003351.json,69,4543,5637,wlk
baseline_C12_combo_A_seed3,session_2026-06-30T08-17-07.003351.json,70,4607,5637,wlk
baseline_C12_combo_A_seed3,session_2026-06-30T08-17-07.003351.json,71,4671,5637,wlk
baseline_C12_combo_A_seed3,session_2026-06-30T08-17-07.003351.json,72,4735,5637,wlk
baseline_C12_combo_A_seed3,session_2026-06-30T08-17-07.003351.json,73,4799,5637,wlk
baseline_C12_combo_A_seed3,session_2026-06-30T08-17-07.003351.json,74,4863,5637,wlk
baseline_C12_combo_A_seed3,session_2026-06-30T08-17-07.003351.json,75,4927,5637,wlk
baseline_C12_combo_A_seed3,session_2026-06-30T08-17-07.003351.json,76,4991,5637,wlk
baseline_C12_combo_A_seed3,session_2026-06-30T08-17-07.003351.json,77,5055,5637,wlk
baseline_C12_combo_A_seed3,session_2026-06-30T08-17-07.003351.json,78,5119,5637,wlk
baseline_C12_combo_A_seed3,session_2026-06-30T08-17-07.003351.json,79,5183,5637,wlk
baseline_C12_combo_A_seed3,session_2026-06-30T08-17-07.003351.json,80,5247,5637,wlk
baseline_C12_combo_A_seed3,session_2026-06-30T08-17-07.003351.json,81,5311,5637,wlk
baseline_C12_combo_A_seed3,session_2026-06-30T08-17-07.003351.json,82,5375,5637,wlk
baseline_C12_combo_A_seed3,session_2026-06-30T08-17-07.003351.json,83,5439,5637,wlk
baseline_C12_combo_A_seed3,session_2026-06-30T08-17-07.003351.json,84,5503,5637,ups
baseline_C12_combo_A_seed3,session_2026-06-30T08-17-07.003351.json,85,5567,5637,std
baseline_C12_combo_A_seed3,session_2026-06-30T08-17-07.003351.json,86,5631,5637,std
baseline_C12_combo_A_seed3,session_2026-07-17T12-37-55.776619.json,0,127,4468,ups
baseline_C12_combo_A_seed3,session_2026-07-17T12-37-55.776619.json,1,191,4468,ups
baseline_C12_combo_A_seed3,session_2026-07-17T12-37-55.776619.json,2,255,4468,wlk
baseline_C12_combo_A_seed3,session_2026-07-17T12-37-55.776619.json,3,319,4468,wlk
baseline_C12_combo_A_seed3,session_2026-07-17T12-37-55.776619.json,4,383,4468,wlk
baseline_C12_combo_A_seed3,session_2026-07-17T12-37-55.776619.json,5,447,4468,wlk
baseline_C12_combo_A_seed3,session_2026-07-17T12-37-55.776619.json,6,511,4468,ups
baseline_C12_combo_A_seed3,session_2026-07-17T12-37-55.776619.json,7,575,4468,ups
baseline_C12_combo_A_seed3,session_2026-07-17T12-37-55.776619.json,8,639,4468,wlk
baseline_C12_combo_A_seed3,session_2026-07-17T12-37-55.776619.json,9,703,4468,wlk
baseline_C12_combo_A_seed3,session_2026-07-17T12-37-55.776619.json,10,767,4468,wlk
baseline_C12_combo_A_seed3,session_2026-07-17T12-37-55.776619.json,11,831,4468,wlk
baseline_C12_combo_A_seed3,session_2026-07-17T12-37-55.776619.json,12,895,4468,wlk
baseline_C12_combo_A_seed3,session_2026-07-17T12-37-55.776619.json,13,959,4468,wlk
baseline_C12_combo_A_seed3,session_2026-07-17T12-37-55.776619.json,14,1023,4468,wlk
baseline_C12_combo_A_seed3,session_2026-07-17T12-37-55.776619.json,15,1087,4468,wlk
baseline_C12_combo_A_seed3,session_2026-07-17T12-37-55.776619.json,16,1151,4468,wlk
baseline_C12_combo_A_seed3,session_2026-07-17T12-37-55.776619.json,17,1215,4468,wlk
baseline_C12_combo_A_seed3,session_2026-07-17T12-37-55.776619.json,18,1279,4468,wlk
baseline_C12_combo_A_seed3,session_2026-07-17T12-37-55.776619.json,19,1343,4468,wlk
baseline_C12_combo_A_seed3,session_2026-07-17T12-37-55.776619.json,20,1407,4468,wlk
baseline_C12_combo_A_seed3,session_2026-07-17T12-37-55.776619.json,21,1471,4468,wlk
baseline_C12_combo_A_seed3,session_2026-07-17T12-37-55.776619.json,22,1535,4468,wlk
baseline_C12_combo_A_seed3,session_2026-07-17T12-37-55.776619.json,23,1599,4468,wlk
baseline_C12_combo_A_seed3,session_2026-07-17T12-37-55.776619.json,24,1663,4468,wlk
baseline_C12_combo_A_seed3,session_2026-07-17T12-37-55.776619.json,25,1727,4468,wlk
baseline_C12_combo_A_seed3,session_2026-07-17T12-37-55.776619.json,26,1791,4468,wlk
baseline_C12_combo_A_seed3,session_2026-07-17T12-37-55.776619.json,27,1855,4468,wlk
baseline_C12_combo_A_seed3,session_2026-07-17T12-37-55.776619.json,28,1919,4468,wlk
baseline_C12_combo_A_seed3,session_2026-07-17T12-37-55.776619.json,29,1983,4468,wlk
baseline_C12_combo_A_seed3,session_2026-07-17T12-37-55.776619.json,30,2047,4468,wlk
baseline_C12_combo_A_seed3,session_2026-07-17T12-37-55.776619.json,31,2111,4468,wlk
baseline_C12_combo_A_seed3,session_2026-07-17T12-37-55.776619.json,32,2175,4468,wlk
baseline_C12_combo_A_seed3,session_2026-07-17T12-37-55.776619.json,33,2239,4468,wlk
baseline_C12_combo_A_seed3,session_2026-07-17T12-37-55.776619.json,34,2303,4468,wlk
baseline_C12_combo_A_seed3,session_2026-07-17T12-37-55.776619.json,35,2367,4468,wlk
baseline_C12_combo_A_seed3,session_2026-07-17T12-37-55.776619.json,36,2431,4468,wlk
baseline_C12_combo_A_seed3,session_2026-07-17T12-37-55.776619.json,37,2495,4468,wlk
baseline_C12_combo_A_seed3,session_2026-07-17T12-37-55.776619.json,38,2559,4468,wlk
baseline_C12_combo_A_seed3,session_2026-07-17T12-37-55.776619.json,39,2623,4468,wlk
baseline_C12_combo_A_seed3,session_2026-07-17T12-37-55.776619.json,40,2687,4468,wlk
baseline_C12_combo_A_seed3,session_2026-07-17T12-37-55.776619.json,41,2751,4468,wlk
baseline_C12_combo_A_seed3,session_2026-07-17T12-37-55.776619.json,42,2815,4468,wlk
baseline_C12_combo_A_seed3,session_2026-07-17T12-37-55.776619.json,43,2879,4468,wlk
baseline_C12_combo_A_seed3,session_2026-07-17T12-37-55.776619.json,44,2943,4468,wlk
baseline_C12_combo_A_seed3,session_2026-07-17T12-37-55.776619.json,45,3007,4468,wlk
baseline_C12_combo_A_seed3,session_2026-07-17T12-37-55.776619.json,46,3071,4468,wlk
baseline_C12_combo_A_seed3,session_2026-07-17T12-37-55.776619.json,47,3135,4468,wlk
baseline_C12_combo_A_seed3,session_2026-07-17T12-37-55.776619.json,48,3199,4468,wlk
baseline_C12_combo_A_seed3,session_2026-07-17T12-37-55.776619.json,49,3263,4468,wlk
baseline_C12_combo_A_seed3,session_2026-07-17T12-37-55.776619.json,50,3327,4468,wlk
baseline_C12_combo_A_seed3,session_2026-07-17T12-37-55.776619.json,51,3391,4468,wlk
baseline_C12_combo_A_seed3,session_2026-07-17T12-37-55.776619.json,52,3455,4468,wlk
baseline_C12_combo_A_seed3,session_2026-07-17T12-37-55.776619.json,53,3519,4468,wlk
baseline_C12_combo_A_seed3,session_2026-07-17T12-37-55.776619.json,54,3583,4468,wlk
baseline_C12_combo_A_seed3,session_2026-07-17T12-37-55.776619.json,55,3647,4468,wlk
baseline_C12_combo_A_seed3,session_2026-07-17T12-37-55.776619.json,56,3711,4468,wlk
baseline_C12_combo_A_seed3,session_2026-07-17T12-37-55.776619.json,57,3775,4468,wlk
baseline_C12_combo_A_seed3,session_2026-07-17T12-37-55.776619.json,58,3839,4468,wlk
baseline_C12_combo_A_seed3,session_2026-07-17T12-37-55.776619.json,59,3903,4468,wlk
baseline_C12_combo_A_seed3,session_2026-07-17T12-37-55.776619.json,60,3967,4468,wlk
baseline_C12_combo_A_seed3,session_2026-07-17T12-37-55.776619.json,61,4031,4468,wlk
baseline_C12_combo_A_seed3,session_2026-07-17T12-37-55.776619.json,62,4095,4468,ups
baseline_C12_combo_A_seed3,session_2026-07-17T12-37-55.776619.json,63,4159,4468,wlk
baseline_C12_combo_A_seed3,session_2026-07-17T12-37-55.776619.json,64,4223,4468,wlk
baseline_C12_combo_A_seed3,session_2026-07-17T12-37-55.776619.json,65,4287,4468,sit
baseline_C12_combo_A_seed3,session_2026-07-17T12-37-55.776619.json,66,4351,4468,sit
baseline_C12_combo_A_seed3,session_2026-07-17T12-37-55.776619.json,67,4415,4468,std
baseline_C12_combo_A_seed3,session_2026-07-17T12-40-55.813790.json,0,127,4665,wlk
baseline_C12_combo_A_seed3,session_2026-07-17T12-40-55.813790.json,1,191,4665,wlk
baseline_C12_combo_A_seed3,session_2026-07-17T12-40-55.813790.json,2,255,4665,wlk
baseline_C12_combo_A_seed3,session_2026-07-17T12-40-55.813790.json,3,319,4665,wlk
baseline_C12_combo_A_seed3,session_2026-07-17T12-40-55.813790.json,4,383,4665,wlk
baseline_C12_combo_A_seed3,session_2026-07-17T12-40-55.813790.json,5,447,4665,wlk
baseline_C12_combo_A_seed3,session_2026-07-17T12-40-55.813790.json,6,511,4665,wlk
baseline_C12_combo_A_seed3,session_2026-07-17T12-40-55.813790.json,7,575,4665,wlk
baseline_C12_combo_A_seed3,session_2026-07-17T12-40-55.813790.json,8,639,4665,wlk
baseline_C12_combo_A_seed3,session_2026-07-17T12-40-55.813790.json,9,703,4665,wlk
baseline_C12_combo_A_seed3,session_2026-07-17T12-40-55.813790.json,10,767,4665,wlk
baseline_C12_combo_A_seed3,session_2026-07-17T12-40-55.813790.json,11,831,4665,wlk
baseline_C12_combo_A_seed3,session_2026-07-17T12-40-55.813790.json,12,895,4665,wlk
baseline_C12_combo_A_seed3,session_2026-07-17T12-40-55.813790.json,13,959,4665,wlk
baseline_C12_combo_A_seed3,session_2026-07-17T12-40-55.813790.json,14,1023,4665,wlk
baseline_C12_combo_A_seed3,session_2026-07-17T12-40-55.813790.json,15,1087,4665,wlk
baseline_C12_combo_A_seed3,session_2026-07-17T12-40-55.813790.json,16,1151,4665,wlk
baseline_C12_combo_A_seed3,session_2026-07-17T12-40-55.813790.json,17,1215,4665,wlk
baseline_C12_combo_A_seed3,session_2026-07-17T12-40-55.813790.json,18,1279,4665,wlk
baseline_C12_combo_A_seed3,session_2026-07-17T12-40-55.813790.json,19,1343,4665,wlk
baseline_C12_combo_A_seed3,session_2026-07-17T12-40-55.813790.json,20,1407,4665,wlk
baseline_C12_combo_A_seed3,session_2026-07-17T12-40-55.813790.json,21,1471,4665,wlk
baseline_C12_combo_A_seed3,session_2026-07-17T12-40-55.813790.json,22,1535,4665,wlk
baseline_C12_combo_A_seed3,session_2026-07-17T12-40-55.813790.json,23,1599,4665,wlk
baseline_C12_combo_A_seed3,session_2026-07-17T12-40-55.813790.json,24,1663,4665,wlk
baseline_C12_combo_A_seed3,session_2026-07-17T12-40-55.813790.json,25,1727,4665,wlk
baseline_C12_combo_A_seed3,session_2026-07-17T12-40-55.813790.json,26,1791,4665,wlk
baseline_C12_combo_A_seed3,session_2026-07-17T12-40-55.813790.json,27,1855,4665,wlk
baseline_C12_combo_A_seed3,session_2026-07-17T12-40-55.813790.json,28,1919,4665,wlk
baseline_C12_combo_A_seed3,session_2026-07-17T12-40-55.813790.json,29,1983,4665,wlk
baseline_C12_combo_A_seed3,session_2026-07-17T12-40-55.813790.json,30,2047,4665,wlk
baseline_C12_combo_A_seed3,session_2026-07-17T12-40-55.813790.json,31,2111,4665,wlk
baseline_C12_combo_A_seed3,session_2026-07-17T12-40-55.813790.json,32,2175,4665,ups
baseline_C12_combo_A_seed3,session_2026-07-17T12-40-55.813790.json,33,2239,4665,wlk
baseline_C12_combo_A_seed3,session_2026-07-17T12-40-55.813790.json,34,2303,4665,wlk
baseline_C12_combo_A_seed3,session_2026-07-17T12-40-55.813790.json,35,2367,4665,wlk
baseline_C12_combo_A_seed3,session_2026-07-17T12-40-55.813790.json,36,2431,4665,wlk
baseline_C12_combo_A_seed3,session_2026-07-17T12-40-55.813790.json,37,2495,4665,wlk
baseline_C12_combo_A_seed3,session_2026-07-17T12-40-55.813790.json,38,2559,4665,wlk
baseline_C12_combo_A_seed3,session_2026-07-17T12-40-55.813790.json,39,2623,4665,ups
baseline_C12_combo_A_seed3,session_2026-07-17T12-40-55.813790.json,40,2687,4665,wlk
baseline_C12_combo_A_seed3,session_2026-07-17T12-40-55.813790.json,41,2751,4665,wlk
baseline_C12_combo_A_seed3,session_2026-07-17T12-40-55.813790.json,42,2815,4665,wlk
baseline_C12_combo_A_seed3,session_2026-07-17T12-40-55.813790.json,43,2879,4665,wlk
baseline_C12_combo_A_seed3,session_2026-07-17T12-40-55.813790.json,44,2943,4665,ups
baseline_C12_combo_A_seed3,session_2026-07-17T12-40-55.813790.json,45,3007,4665,wlk
baseline_C12_combo_A_seed3,session_2026-07-17T12-40-55.813790.json,46,3071,4665,ups
baseline_C12_combo_A_seed3,session_2026-07-17T12-40-55.813790.json,47,3135,4665,wlk
baseline_C12_combo_A_seed3,session_2026-07-17T12-40-55.813790.json,48,3199,4665,wlk
baseline_C12_combo_A_seed3,session_2026-07-17T12-40-55.813790.json,49,3263,4665,wlk
baseline_C12_combo_A_seed3,session_2026-07-17T12-40-55.813790.json,50,3327,4665,wlk
baseline_C12_combo_A_seed3,session_2026-07-17T12-40-55.813790.json,51,3391,4665,wlk
baseline_C12_combo_A_seed3,session_2026-07-17T12-40-55.813790.json,52,3455,4665,wlk
baseline_C12_combo_A_seed3,session_2026-07-17T12-40-55.813790.json,53,3519,4665,wlk
baseline_C12_combo_A_seed3,session_2026-07-17T12-40-55.813790.json,54,3583,4665,ups
baseline_C12_combo_A_seed3,session_2026-07-17T12-40-55.813790.json,55,3647,4665,wlk
baseline_C12_combo_A_seed3,session_2026-07-17T12-40-55.813790.json,56,3711,4665,wlk
baseline_C12_combo_A_seed3,session_2026-07-17T12-40-55.813790.json,57,3775,4665,wlk
baseline_C12_combo_A_seed3,session_2026-07-17T12-40-55.813790.json,58,3839,4665,wlk
baseline_C12_combo_A_seed3,session_2026-07-17T12-40-55.813790.json,59,3903,4665,wlk
baseline_C12_combo_A_seed3,session_2026-07-17T12-40-55.813790.json,60,3967,4665,wlk
baseline_C12_combo_A_seed3,session_2026-07-17T12-40-55.813790.json,61,4031,4665,wlk
baseline_C12_combo_A_seed3,session_2026-07-17T12-40-55.813790.json,62,4095,4665,wlk
baseline_C12_combo_A_seed3,session_2026-07-17T12-40-55.813790.json,63,4159,4665,wlk
baseline_C12_combo_A_seed3,session_2026-07-17T12-40-55.813790.json,64,4223,4665,wlk
baseline_C12_combo_A_seed3,session_2026-07-17T12-40-55.813790.json,65,4287,4665,ups
baseline_C12_combo_A_seed3,session_2026-07-17T12-40-55.813790.json,66,4351,4665,std
baseline_C12_combo_A_seed3,session_2026-07-17T12-40-55.813790.json,67,4415,4665,sit
baseline_C12_combo_A_seed3,session_2026-07-17T12-40-55.813790.json,68,4479,4665,std
baseline_C12_combo_A_seed3,session_2026-07-17T12-40-55.813790.json,69,4543,4665,sit
baseline_C12_combo_A_seed3,session_2026-07-17T12-40-55.813790.json,70,4607,4665,sit
baseline_C12_combo_A_seed3,session_2026-07-17T14-39-47.700239.json,0,127,2360,ups
baseline_C12_combo_A_seed3,session_2026-07-17T14-39-47.700239.json,1,191,2360,ups
baseline_C12_combo_A_seed3,session_2026-07-17T14-39-47.700239.json,2,255,2360,wlk
baseline_C12_combo_A_seed3,session_2026-07-17T14-39-47.700239.json,3,319,2360,wlk
baseline_C12_combo_A_seed3,session_2026-07-17T14-39-47.700239.json,4,383,2360,wlk
baseline_C12_combo_A_seed3,session_2026-07-17T14-39-47.700239.json,5,447,2360,wlk
baseline_C12_combo_A_seed3,session_2026-07-17T14-39-47.700239.json,6,511,2360,wlk
baseline_C12_combo_A_seed3,session_2026-07-17T14-39-47.700239.json,7,575,2360,wlk
baseline_C12_combo_A_seed3,session_2026-07-17T14-39-47.700239.json,8,639,2360,wlk
baseline_C12_combo_A_seed3,session_2026-07-17T14-39-47.700239.json,9,703,2360,wlk
baseline_C12_combo_A_seed3,session_2026-07-17T14-39-47.700239.json,10,767,2360,wlk
baseline_C12_combo_A_seed3,session_2026-07-17T14-39-47.700239.json,11,831,2360,wlk
baseline_C12_combo_A_seed3,session_2026-07-17T14-39-47.700239.json,12,895,2360,wlk
baseline_C12_combo_A_seed3,session_2026-07-17T14-39-47.700239.json,13,959,2360,wlk
baseline_C12_combo_A_seed3,session_2026-07-17T14-39-47.700239.json,14,1023,2360,wlk
baseline_C12_combo_A_seed3,session_2026-07-17T14-39-47.700239.json,15,1087,2360,wlk
baseline_C12_combo_A_seed3,session_2026-07-17T14-39-47.700239.json,16,1151,2360,ups
baseline_C12_combo_A_seed3,session_2026-07-17T14-39-47.700239.json,17,1215,2360,wlk
baseline_C12_combo_A_seed3,session_2026-07-17T14-39-47.700239.json,18,1279,2360,wlk
baseline_C12_combo_A_seed3,session_2026-07-17T14-39-47.700239.json,19,1343,2360,wlk
baseline_C12_combo_A_seed3,session_2026-07-17T14-39-47.700239.json,20,1407,2360,ups
baseline_C12_combo_A_seed3,session_2026-07-17T14-39-47.700239.json,21,1471,2360,wlk
baseline_C12_combo_A_seed3,session_2026-07-17T14-39-47.700239.json,22,1535,2360,wlk
baseline_C12_combo_A_seed3,session_2026-07-17T14-39-47.700239.json,23,1599,2360,wlk
baseline_C12_combo_A_seed3,session_2026-07-17T14-39-47.700239.json,24,1663,2360,wlk
baseline_C12_combo_A_seed3,session_2026-07-17T14-39-47.700239.json,25,1727,2360,wlk
baseline_C12_combo_A_seed3,session_2026-07-17T14-39-47.700239.json,26,1791,2360,wlk
baseline_C12_combo_A_seed3,session_2026-07-17T14-39-47.700239.json,27,1855,2360,wlk
baseline_C12_combo_A_seed3,session_2026-07-17T14-39-47.700239.json,28,1919,2360,wlk
baseline_C12_combo_A_seed3,session_2026-07-17T14-39-47.700239.json,29,1983,2360,wlk
baseline_C12_combo_A_seed3,session_2026-07-17T14-39-47.700239.json,30,2047,2360,std
baseline_C12_combo_A_seed3,session_2026-07-17T14-39-47.700239.json,31,2111,2360,ups
baseline_C12_combo_A_seed3,session_2026-07-17T14-39-47.700239.json,32,2175,2360,std
baseline_C12_combo_A_seed3,session_2026-07-17T14-39-47.700239.json,33,2239,2360,std
baseline_C12_combo_A_seed3,session_2026-07-17T14-39-47.700239.json,34,2303,2360,sit
baseline_C12_combo_A_seed3,session_2026-07-17T14-41-25.520883.json,0,127,1863,wlk
baseline_C12_combo_A_seed3,session_2026-07-17T14-41-25.520883.json,1,191,1863,wlk
baseline_C12_combo_A_seed3,session_2026-07-17T14-41-25.520883.json,2,255,1863,wlk
baseline_C12_combo_A_seed3,session_2026-07-17T14-41-25.520883.json,3,319,1863,wlk
baseline_C12_combo_A_seed3,session_2026-07-17T14-41-25.520883.json,4,383,1863,wlk
baseline_C12_combo_A_seed3,session_2026-07-17T14-41-25.520883.json,5,447,1863,wlk
baseline_C12_combo_A_seed3,session_2026-07-17T14-41-25.520883.json,6,511,1863,wlk
baseline_C12_combo_A_seed3,session_2026-07-17T14-41-25.520883.json,7,575,1863,ups
baseline_C12_combo_A_seed3,session_2026-07-17T14-41-25.520883.json,8,639,1863,ups
baseline_C12_combo_A_seed3,session_2026-07-17T14-41-25.520883.json,9,703,1863,wlk
baseline_C12_combo_A_seed3,session_2026-07-17T14-41-25.520883.json,10,767,1863,wlk
baseline_C12_combo_A_seed3,session_2026-07-17T14-41-25.520883.json,11,831,1863,wlk
baseline_C12_combo_A_seed3,session_2026-07-17T14-41-25.520883.json,12,895,1863,wlk
baseline_C12_combo_A_seed3,session_2026-07-17T14-41-25.520883.json,13,959,1863,wlk
baseline_C12_combo_A_seed3,session_2026-07-17T14-41-25.520883.json,14,1023,1863,ups
baseline_C12_combo_A_seed3,session_2026-07-17T14-41-25.520883.json,15,1087,1863,ups
baseline_C12_combo_A_seed3,session_2026-07-17T14-41-25.520883.json,16,1151,1863,ups
baseline_C12_combo_A_seed3,session_2026-07-17T14-41-25.520883.json,17,1215,1863,ups
baseline_C12_combo_A_seed3,session_2026-07-17T14-41-25.520883.json,18,1279,1863,ups
baseline_C12_combo_A_seed3,session_2026-07-17T14-41-25.520883.json,19,1343,1863,wlk
baseline_C12_combo_A_seed3,session_2026-07-17T14-41-25.520883.json,20,1407,1863,wlk
baseline_C12_combo_A_seed3,session_2026-07-17T14-41-25.520883.json,21,1471,1863,wlk
baseline_C12_combo_A_seed3,session_2026-07-17T14-41-25.520883.json,22,1535,1863,wlk
baseline_C12_combo_A_seed3,session_2026-07-17T14-41-25.520883.json,23,1599,1863,ups
baseline_C12_combo_A_seed3,session_2026-07-17T14-41-25.520883.json,24,1663,1863,std
baseline_C12_combo_A_seed3,session_2026-07-17T14-41-25.520883.json,25,1727,1863,sit
baseline_C12_combo_A_seed3,session_2026-07-17T14-41-25.520883.json,26,1791,1863,std
baseline_C12_combo_A_seed3,session_2026-07-17T14-41-25.520883.json,27,1855,1863,std
baseline_C12_combo_A_seed3,session_2026-07-22T14-31-33.468306.json,0,127,1036,wlk
baseline_C12_combo_A_seed3,session_2026-07-22T14-31-33.468306.json,1,191,1036,wlk
baseline_C12_combo_A_seed3,session_2026-07-22T14-31-33.468306.json,2,255,1036,wlk
baseline_C12_combo_A_seed3,session_2026-07-22T14-31-33.468306.json,3,319,1036,wlk
baseline_C12_combo_A_seed3,session_2026-07-22T14-31-33.468306.json,4,383,1036,wlk
baseline_C12_combo_A_seed3,session_2026-07-22T14-31-33.468306.json,5,447,1036,wlk
baseline_C12_combo_A_seed3,session_2026-07-22T14-31-33.468306.json,6,511,1036,wlk
baseline_C12_combo_A_seed3,session_2026-07-22T14-31-33.468306.json,7,575,1036,wlk
baseline_C12_combo_A_seed3,session_2026-07-22T14-31-33.468306.json,8,639,1036,wlk
baseline_C12_combo_A_seed3,session_2026-07-22T14-31-33.468306.json,9,703,1036,wlk
baseline_C12_combo_A_seed3,session_2026-07-22T14-31-33.468306.json,10,767,1036,ups
baseline_C12_combo_A_seed3,session_2026-07-22T14-31-33.468306.json,11,831,1036,ups
baseline_C12_combo_A_seed3,session_2026-07-22T14-31-33.468306.json,12,895,1036,std
baseline_C12_combo_A_seed3,session_2026-07-22T14-31-33.468306.json,13,959,1036,sit
baseline_C12_combo_A_seed3,session_2026-07-22T14-31-33.468306.json,14,1023,1036,sit
baseline_C12_combo_A_seed3,session_2026-07-22T14-35-18.292706.json,0,127,1038,ups
baseline_C12_combo_A_seed3,session_2026-07-22T14-35-18.292706.json,1,191,1038,ups
baseline_C12_combo_A_seed3,session_2026-07-22T14-35-18.292706.json,2,255,1038,wlk
baseline_C12_combo_A_seed3,session_2026-07-22T14-35-18.292706.json,3,319,1038,wlk
baseline_C12_combo_A_seed3,session_2026-07-22T14-35-18.292706.json,4,383,1038,wlk
baseline_C12_combo_A_seed3,session_2026-07-22T14-35-18.292706.json,5,447,1038,wlk
baseline_C12_combo_A_seed3,session_2026-07-22T14-35-18.292706.json,6,511,1038,wlk
baseline_C12_combo_A_seed3,session_2026-07-22T14-35-18.292706.json,7,575,1038,wlk
baseline_C12_combo_A_seed3,session_2026-07-22T14-35-18.292706.json,8,639,1038,ups
baseline_C12_combo_A_seed3,session_2026-07-22T14-35-18.292706.json,9,703,1038,ups
baseline_C12_combo_A_seed3,session_2026-07-22T14-35-18.292706.json,10,767,1038,sit
baseline_C12_combo_A_seed3,session_2026-07-22T14-35-18.292706.json,11,831,1038,sit
baseline_C12_combo_A_seed3,session_2026-07-22T14-35-18.292706.json,12,895,1038,sit
baseline_C12_combo_A_seed3,session_2026-07-22T14-35-18.292706.json,13,959,1038,sit
baseline_C12_combo_A_seed3,session_2026-07-22T14-35-18.292706.json,14,1023,1038,sit
baseline_C12_combo_A_seed3,session_2026-07-22T14-36-54.077805.json,0,127,1067,wlk
baseline_C12_combo_A_seed3,session_2026-07-22T14-36-54.077805.json,1,191,1067,wlk
baseline_C12_combo_A_seed3,session_2026-07-22T14-36-54.077805.json,2,255,1067,wlk
baseline_C12_combo_A_seed3,session_2026-07-22T14-36-54.077805.json,3,319,1067,wlk
baseline_C12_combo_A_seed3,session_2026-07-22T14-36-54.077805.json,4,383,1067,wlk
baseline_C12_combo_A_seed3,session_2026-07-22T14-36-54.077805.json,5,447,1067,wlk
baseline_C12_combo_A_seed3,session_2026-07-22T14-36-54.077805.json,6,511,1067,wlk
baseline_C12_combo_A_seed3,session_2026-07-22T14-36-54.077805.json,7,575,1067,wlk
baseline_C12_combo_A_seed3,session_2026-07-22T14-36-54.077805.json,8,639,1067,wlk
baseline_C12_combo_A_seed3,session_2026-07-22T14-36-54.077805.json,9,703,1067,wlk
baseline_C12_combo_A_seed3,session_2026-07-22T14-36-54.077805.json,10,767,1067,sit
baseline_C12_combo_A_seed3,session_2026-07-22T14-36-54.077805.json,11,831,1067,std
baseline_C12_combo_A_seed3,session_2026-07-22T14-36-54.077805.json,12,895,1067,sit
baseline_C12_combo_A_seed3,session_2026-07-22T14-36-54.077805.json,13,959,1067,sit
baseline_C12_combo_A_seed3,session_2026-07-22T14-36-54.077805.json,14,1023,1067,sit
baseline_C12_combo_A_seed3,session_2026-07-22T14-38-05.221747.json,0,127,1236,wlk
baseline_C12_combo_A_seed3,session_2026-07-22T14-38-05.221747.json,1,191,1236,wlk
baseline_C12_combo_A_seed3,session_2026-07-22T14-38-05.221747.json,2,255,1236,wlk
baseline_C12_combo_A_seed3,session_2026-07-22T14-38-05.221747.json,3,319,1236,ups
baseline_C12_combo_A_seed3,session_2026-07-22T14-38-05.221747.json,4,383,1236,wlk
baseline_C12_combo_A_seed3,session_2026-07-22T14-38-05.221747.json,5,447,1236,wlk
baseline_C12_combo_A_seed3,session_2026-07-22T14-38-05.221747.json,6,511,1236,ups
baseline_C12_combo_A_seed3,session_2026-07-22T14-38-05.221747.json,7,575,1236,wlk
baseline_C12_combo_A_seed3,session_2026-07-22T14-38-05.221747.json,8,639,1236,wlk
baseline_C12_combo_A_seed3,session_2026-07-22T14-38-05.221747.json,9,703,1236,wlk
baseline_C12_combo_A_seed3,session_2026-07-22T14-38-05.221747.json,10,767,1236,std
baseline_C12_combo_A_seed3,session_2026-07-22T14-38-05.221747.json,11,831,1236,sit
baseline_C12_combo_A_seed3,session_2026-07-22T14-38-05.221747.json,12,895,1236,std
baseline_C12_combo_A_seed3,session_2026-07-22T14-38-05.221747.json,13,959,1236,std
baseline_C12_combo_A_seed3,session_2026-07-22T14-38-05.221747.json,14,1023,1236,sit
baseline_C12_combo_A_seed3,session_2026-07-22T14-38-05.221747.json,15,1087,1236,sit
baseline_C12_combo_A_seed3,session_2026-07-22T14-38-05.221747.json,16,1151,1236,sit
baseline_C12_combo_A_seed3,session_2026-07-22T14-38-05.221747.json,17,1215,1236,sit
baseline_C12_combo_A_seed3,session_2026-07-22T14-39-41.350716.json,0,127,872,wlk
baseline_C12_combo_A_seed3,session_2026-07-22T14-39-41.350716.json,1,191,872,wlk
baseline_C12_combo_A_seed3,session_2026-07-22T14-39-41.350716.json,2,255,872,wlk
baseline_C12_combo_A_seed3,session_2026-07-22T14-39-41.350716.json,3,319,872,wlk
baseline_C12_combo_A_seed3,session_2026-07-22T14-39-41.350716.json,4,383,872,wlk
baseline_C12_combo_A_seed3,session_2026-07-22T14-39-41.350716.json,5,447,872,wlk
baseline_C12_combo_A_seed3,session_2026-07-22T14-39-41.350716.json,6,511,872,wlk
baseline_C12_combo_A_seed3,session_2026-07-22T14-39-41.350716.json,7,575,872,wlk
baseline_C12_combo_A_seed3,session_2026-07-22T14-39-41.350716.json,8,639,872,wlk
baseline_C12_combo_A_seed3,session_2026-07-22T14-39-41.350716.json,9,703,872,sit
baseline_C12_combo_A_seed3,session_2026-07-22T14-39-41.350716.json,10,767,872,sit
baseline_C12_combo_A_seed3,session_2026-07-22T14-39-41.350716.json,11,831,872,sit
baseline_C12_combo_A_seed3,session_2026-07-22T14-40-42.415662.json,0,127,1173,ups
baseline_C12_combo_A_seed3,session_2026-07-22T14-40-42.415662.json,1,191,1173,ups
baseline_C12_combo_A_seed3,session_2026-07-22T14-40-42.415662.json,2,255,1173,ups
baseline_C12_combo_A_seed3,session_2026-07-22T14-40-42.415662.json,3,319,1173,ups
baseline_C12_combo_A_seed3,session_2026-07-22T14-40-42.415662.json,4,383,1173,ups
baseline_C12_combo_A_seed3,session_2026-07-22T14-40-42.415662.json,5,447,1173,ups
baseline_C12_combo_A_seed3,session_2026-07-22T14-40-42.415662.json,6,511,1173,ups
baseline_C12_combo_A_seed3,session_2026-07-22T14-40-42.415662.json,7,575,1173,ups
baseline_C12_combo_A_seed3,session_2026-07-22T14-40-42.415662.json,8,639,1173,ups
baseline_C12_combo_A_seed3,session_2026-07-22T14-40-42.415662.json,9,703,1173,ups
baseline_C12_combo_A_seed3,session_2026-07-22T14-40-42.415662.json,10,767,1173,ups
baseline_C12_combo_A_seed3,session_2026-07-22T14-40-42.415662.json,11,831,1173,ups
baseline_C12_combo_A_seed3,session_2026-07-22T14-40-42.415662.json,12,895,1173,sit
baseline_C12_combo_A_seed3,session_2026-07-22T14-40-42.415662.json,13,959,1173,sit
baseline_C12_combo_A_seed3,session_2026-07-22T14-40-42.415662.json,14,1023,1173,sit
baseline_C12_combo_A_seed3,session_2026-07-22T14-40-42.415662.json,15,1087,1173,std
baseline_C12_combo_A_seed3,session_2026-07-22T14-40-42.415662.json,16,1151,1173,sit
baseline_C12_combo_A_seed3,session_2026-07-22T14-41-56.856929.json,0,127,1298,wlk
baseline_C12_combo_A_seed3,session_2026-07-22T14-41-56.856929.json,1,191,1298,wlk
baseline_C12_combo_A_seed3,session_2026-07-22T14-41-56.856929.json,2,255,1298,wlk
baseline_C12_combo_A_seed3,session_2026-07-22T14-41-56.856929.json,3,319,1298,wlk
baseline_C12_combo_A_seed3,session_2026-07-22T14-41-56.856929.json,4,383,1298,wlk
baseline_C12_combo_A_seed3,session_2026-07-22T14-41-56.856929.json,5,447,1298,wlk
baseline_C12_combo_A_seed3,session_2026-07-22T14-41-56.856929.json,6,511,1298,wlk
baseline_C12_combo_A_seed3,session_2026-07-22T14-41-56.856929.json,7,575,1298,wlk
baseline_C12_combo_A_seed3,session_2026-07-22T14-41-56.856929.json,8,639,1298,wlk
baseline_C12_combo_A_seed3,session_2026-07-22T14-41-56.856929.json,9,703,1298,wlk
baseline_C12_combo_A_seed3,session_2026-07-22T14-41-56.856929.json,10,767,1298,wlk
baseline_C12_combo_A_seed3,session_2026-07-22T14-41-56.856929.json,11,831,1298,wlk
baseline_C12_combo_A_seed3,session_2026-07-22T14-41-56.856929.json,12,895,1298,wlk
baseline_C12_combo_A_seed3,session_2026-07-22T14-41-56.856929.json,13,959,1298,wlk
baseline_C12_combo_A_seed3,session_2026-07-22T14-41-56.856929.json,14,1023,1298,wlk
baseline_C12_combo_A_seed3,session_2026-07-22T14-41-56.856929.json,15,1087,1298,sit
baseline_C12_combo_A_seed3,session_2026-07-22T14-41-56.856929.json,16,1151,1298,sit
baseline_C12_combo_A_seed3,session_2026-07-22T14-41-56.856929.json,17,1215,1298,std
baseline_C12_combo_A_seed3,session_2026-07-22T14-41-56.856929.json,18,1279,1298,sit
baseline_C12_combo_A_seed3,session_2026-07-22T14-43-38.229716.json,0,127,1380,sit
baseline_C12_combo_A_seed3,session_2026-07-22T14-43-38.229716.json,1,191,1380,wlk
baseline_C12_combo_A_seed3,session_2026-07-22T14-43-38.229716.json,2,255,1380,wlk
baseline_C12_combo_A_seed3,session_2026-07-22T14-43-38.229716.json,3,319,1380,ups
baseline_C12_combo_A_seed3,session_2026-07-22T14-43-38.229716.json,4,383,1380,ups
baseline_C12_combo_A_seed3,session_2026-07-22T14-43-38.229716.json,5,447,1380,ups
baseline_C12_combo_A_seed3,session_2026-07-22T14-43-38.229716.json,6,511,1380,ups
baseline_C12_combo_A_seed3,session_2026-07-22T14-43-38.229716.json,7,575,1380,ups
baseline_C12_combo_A_seed3,session_2026-07-22T14-43-38.229716.json,8,639,1380,ups
baseline_C12_combo_A_seed3,session_2026-07-22T14-43-38.229716.json,9,703,1380,ups
baseline_C12_combo_A_seed3,session_2026-07-22T14-43-38.229716.json,10,767,1380,ups
baseline_C12_combo_A_seed3,session_2026-07-22T14-43-38.229716.json,11,831,1380,ups
baseline_C12_combo_A_seed3,session_2026-07-22T14-43-38.229716.json,12,895,1380,ups
baseline_C12_combo_A_seed3,session_2026-07-22T14-43-38.229716.json,13,959,1380,ups
baseline_C12_combo_A_seed3,session_2026-07-22T14-43-38.229716.json,14,1023,1380,wlk
baseline_C12_combo_A_seed3,session_2026-07-22T14-43-38.229716.json,15,1087,1380,sit
baseline_C12_combo_A_seed3,session_2026-07-22T14-43-38.229716.json,16,1151,1380,std
baseline_C12_combo_A_seed3,session_2026-07-22T14-43-38.229716.json,17,1215,1380,sit
baseline_C12_combo_A_seed3,session_2026-07-22T14-43-38.229716.json,18,1279,1380,sit
baseline_C12_combo_A_seed3,session_2026-07-22T14-43-38.229716.json,19,1343,1380,std
baseline_C12_combo_A_seed3,session_2026-07-22T14-44-47.287767.json,0,127,1412,wlk
baseline_C12_combo_A_seed3,session_2026-07-22T14-44-47.287767.json,1,191,1412,wlk
baseline_C12_combo_A_seed3,session_2026-07-22T14-44-47.287767.json,2,255,1412,wlk
baseline_C12_combo_A_seed3,session_2026-07-22T14-44-47.287767.json,3,319,1412,wlk
baseline_C12_combo_A_seed3,session_2026-07-22T14-44-47.287767.json,4,383,1412,wlk
baseline_C12_combo_A_seed3,session_2026-07-22T14-44-47.287767.json,5,447,1412,wlk
baseline_C12_combo_A_seed3,session_2026-07-22T14-44-47.287767.json,6,511,1412,wlk
baseline_C12_combo_A_seed3,session_2026-07-22T14-44-47.287767.json,7,575,1412,wlk
baseline_C12_combo_A_seed3,session_2026-07-22T14-44-47.287767.json,8,639,1412,wlk
baseline_C12_combo_A_seed3,session_2026-07-22T14-44-47.287767.json,9,703,1412,wlk
baseline_C12_combo_A_seed3,session_2026-07-22T14-44-47.287767.json,10,767,1412,wlk
baseline_C12_combo_A_seed3,session_2026-07-22T14-44-47.287767.json,11,831,1412,wlk
baseline_C12_combo_A_seed3,session_2026-07-22T14-44-47.287767.json,12,895,1412,wlk
baseline_C12_combo_A_seed3,session_2026-07-22T14-44-47.287767.json,13,959,1412,wlk
baseline_C12_combo_A_seed3,session_2026-07-22T14-44-47.287767.json,14,1023,1412,sit
baseline_C12_combo_A_seed3,session_2026-07-22T14-44-47.287767.json,15,1087,1412,std
baseline_C12_combo_A_seed3,session_2026-07-22T14-44-47.287767.json,16,1151,1412,std
baseline_C12_combo_A_seed3,session_2026-07-22T14-44-47.287767.json,17,1215,1412,sit
baseline_C12_combo_A_seed3,session_2026-07-22T14-44-47.287767.json,18,1279,1412,sit
baseline_C12_combo_A_seed3,session_2026-07-22T14-44-47.287767.json,19,1343,1412,sit
baseline_C12_combo_A_seed3,session_2026-07-22T14-44-47.287767.json,20,1407,1412,sit
baseline_C12_combo_A_seed3,session_2026-07-22T14-45-55.828701.json,0,127,1344,ups
baseline_C12_combo_A_seed3,session_2026-07-22T14-45-55.828701.json,1,191,1344,ups
baseline_C12_combo_A_seed3,session_2026-07-22T14-45-55.828701.json,2,255,1344,ups
baseline_C12_combo_A_seed3,session_2026-07-22T14-45-55.828701.json,3,319,1344,ups
baseline_C12_combo_A_seed3,session_2026-07-22T14-45-55.828701.json,4,383,1344,ups
baseline_C12_combo_A_seed3,session_2026-07-22T14-45-55.828701.json,5,447,1344,ups
baseline_C12_combo_A_seed3,session_2026-07-22T14-45-55.828701.json,6,511,1344,ups
baseline_C12_combo_A_seed3,session_2026-07-22T14-45-55.828701.json,7,575,1344,ups
baseline_C12_combo_A_seed3,session_2026-07-22T14-45-55.828701.json,8,639,1344,ups
baseline_C12_combo_A_seed3,session_2026-07-22T14-45-55.828701.json,9,703,1344,ups
baseline_C12_combo_A_seed3,session_2026-07-22T14-45-55.828701.json,10,767,1344,ups
baseline_C12_combo_A_seed3,session_2026-07-22T14-45-55.828701.json,11,831,1344,ups
baseline_C12_combo_A_seed3,session_2026-07-22T14-45-55.828701.json,12,895,1344,ups
baseline_C12_combo_A_seed3,session_2026-07-22T14-45-55.828701.json,13,959,1344,ups
baseline_C12_combo_A_seed3,session_2026-07-22T14-45-55.828701.json,14,1023,1344,sit
baseline_C12_combo_A_seed3,session_2026-07-22T14-45-55.828701.json,15,1087,1344,sit
baseline_C12_combo_A_seed3,session_2026-07-22T14-45-55.828701.json,16,1151,1344,ups
baseline_C12_combo_A_seed3,session_2026-07-22T14-45-55.828701.json,17,1215,1344,sit
baseline_C12_combo_A_seed3,session_2026-07-22T14-45-55.828701.json,18,1279,1344,sit
baseline_C12_combo_A_seed3,session_2026-07-22T14-45-55.828701.json,19,1343,1344,sit
baseline_C12_combo_A_seed3,session_2026-07-22T14-47-19.853524.json,0,127,1132,ups
baseline_C12_combo_A_seed3,session_2026-07-22T14-47-19.853524.json,1,191,1132,ups
baseline_C12_combo_A_seed3,session_2026-07-22T14-47-19.853524.json,2,255,1132,wlk
baseline_C12_combo_A_seed3,session_2026-07-22T14-47-19.853524.json,3,319,1132,wlk
baseline_C12_combo_A_seed3,session_2026-07-22T14-47-19.853524.json,4,383,1132,wlk
baseline_C12_combo_A_seed3,session_2026-07-22T14-47-19.853524.json,5,447,1132,wlk
baseline_C12_combo_A_seed3,session_2026-07-22T14-47-19.853524.json,6,511,1132,wlk
baseline_C12_combo_A_seed3,session_2026-07-22T14-47-19.853524.json,7,575,1132,wlk
baseline_C12_combo_A_seed3,session_2026-07-22T14-47-19.853524.json,8,639,1132,wlk
baseline_C12_combo_A_seed3,session_2026-07-22T14-47-19.853524.json,9,703,1132,wlk
baseline_C12_combo_A_seed3,session_2026-07-22T14-47-19.853524.json,10,767,1132,wlk
baseline_C12_combo_A_seed3,session_2026-07-22T14-47-19.853524.json,11,831,1132,wlk
baseline_C12_combo_A_seed3,session_2026-07-22T14-47-19.853524.json,12,895,1132,ups
baseline_C12_combo_A_seed3,session_2026-07-22T14-47-19.853524.json,13,959,1132,ups
baseline_C12_combo_A_seed3,session_2026-07-22T14-47-19.853524.json,14,1023,1132,std
baseline_C12_combo_A_seed3,session_2026-07-22T14-47-19.853524.json,15,1087,1132,sit
baseline_C12_combo_A_seed3,session_2026-07-22T14-48-38.490388.json,0,127,1533,ups
baseline_C12_combo_A_seed3,session_2026-07-22T14-48-38.490388.json,1,191,1533,ups
baseline_C12_combo_A_seed3,session_2026-07-22T14-48-38.490388.json,2,255,1533,ups
baseline_C12_combo_A_seed3,session_2026-07-22T14-48-38.490388.json,3,319,1533,ups
baseline_C12_combo_A_seed3,session_2026-07-22T14-48-38.490388.json,4,383,1533,ups
baseline_C12_combo_A_seed3,session_2026-07-22T14-48-38.490388.json,5,447,1533,ups
baseline_C12_combo_A_seed3,session_2026-07-22T14-48-38.490388.json,6,511,1533,ups
baseline_C12_combo_A_seed3,session_2026-07-22T14-48-38.490388.json,7,575,1533,ups
baseline_C12_combo_A_seed3,session_2026-07-22T14-48-38.490388.json,8,639,1533,ups
baseline_C12_combo_A_seed3,session_2026-07-22T14-48-38.490388.json,9,703,1533,ups
baseline_C12_combo_A_seed3,session_2026-07-22T14-48-38.490388.json,10,767,1533,ups
baseline_C12_combo_A_seed3,session_2026-07-22T14-48-38.490388.json,11,831,1533,ups
baseline_C12_combo_A_seed3,session_2026-07-22T14-48-38.490388.json,12,895,1533,ups
baseline_C12_combo_A_seed3,session_2026-07-22T14-48-38.490388.json,13,959,1533,ups
baseline_C12_combo_A_seed3,session_2026-07-22T14-48-38.490388.json,14,1023,1533,ups
baseline_C12_combo_A_seed3,session_2026-07-22T14-48-38.490388.json,15,1087,1533,ups
baseline_C12_combo_A_seed3,session_2026-07-22T14-48-38.490388.json,16,1151,1533,ups
baseline_C12_combo_A_seed3,session_2026-07-22T14-48-38.490388.json,17,1215,1533,ups
baseline_C12_combo_A_seed3,session_2026-07-22T14-48-38.490388.json,18,1279,1533,std
baseline_C12_combo_A_seed3,session_2026-07-22T14-48-38.490388.json,19,1343,1533,std
baseline_C12_combo_A_seed3,session_2026-07-22T14-48-38.490388.json,20,1407,1533,std
baseline_C12_combo_A_seed3,session_2026-07-22T14-48-38.490388.json,21,1471,1533,sit
